group,label,mean_step,straightness,turn_cos,spread,dim_32,dim_64,dim_96,dim_128
shakespeare_sonnets,Sonnet CXXVII,191.82870483398438,0.0108692217618227,-0.36366337537765503,0.8109470009803772,12.267632819063227,8.693937187742177,7.99960842848792,11.217651958337102
shakespeare_sonnets,Sonnet LXXXVIII,202.93505859375,0.008184880949556828,-0.38453832268714905,0.7646253108978271,9.566372585239613,13.454451554348346,8.840019885927317,10.117915595339895
shakespeare_sonnets,Sonnet LXXIX,188.76870727539062,0.009541316889226437,-0.35930687189102173,0.8007710576057434,6.21669426058479,6.914912315347784,6.448543235551368,8.979590443202918
shakespeare_sonnets,Sonnet LXXVI,183.89614868164062,0.009829442948102951,-0.3541504740715027,0.8134438991546631,8.993103097535586,8.426531726997132,8.11962478610886,11.772150129448493
shakespeare_sonnets,Sonnet XXXIV,199.87014770507812,0.012422450818121433,-0.36956655979156494,0.7966262102127075,14.661440757708203,13.69500403831115,14.351848466661929,9.227117259526697
shakespeare_sonnets,Sonnet LXVIII,206.90255737304688,0.007179910782724619,-0.365054726600647,0.7787408828735352,11.896280714114482,8.031664399490696,9.058779337318278,8.942826550798312
shakespeare_sonnets,Sonnet LXV,208.8778839111328,0.01485731452703476,-0.4249512255191803,0.7796535491943359,11.598366276116781,10.308374852493255,12.55023768559237,7.363215915585789
shakespeare_sonnets,Sonnet CXLIV,187.88037109375,0.009953198954463005,-0.3536526560783386,0.8173326253890991,6.807612171926048,8.650834074907436,8.377494825174729,8.26249794771106
shakespeare_sonnets,Sonnet CXLII,191.78860473632812,0.010177754797041416,-0.40408390760421753,0.779125988483429,14.329630611777631,14.280783286875444,9.797747616009698,8.942801699318164
shakespeare_sonnets,Sonnet CLI,199.62591552734375,0.0104273846372962,-0.40852218866348267,0.7703529596328735,24.832500071024366,10.833565260428987,9.30107909862193,10.987348474964644
shakespeare_sonnets,Sonnet XCVIII,206.0160675048828,0.008717797696590424,-0.39082297682762146,0.780002236366272,25.670086237289944,12.515038599871456,14.326895081239066,12.693168990162857
shakespeare_sonnets,Sonnet LXXXIII,190.5900115966797,0.010234431363642216,-0.38393697142601013,0.7874975204467773,7.979811363744023,8.960124442614555,10.238665699415417,11.412730335995295
shakespeare_sonnets,Sonnet CXXXI,193.27731323242188,0.008919918909668922,-0.38522279262542725,0.78928542137146,14.622882040707626,12.621063632445695,9.263552872636943,8.663235385642121
shakespeare_sonnets,Sonnet LXXXVII,193.96841430664062,0.011727713979780674,-0.3678252696990967,0.7957268357276917,10.537240409043738,8.501278909832848,6.1439657933558784,6.948294794940253
shakespeare_sonnets,Sonnet LXI,195.49774169921875,0.01638427935540676,-0.39135926961898804,0.767703652381897,9.674890543902675,12.71221711337272,11.286844510268512,7.731283822833487
shakespeare_sonnets,Sonnet XXVII,199.74485778808594,0.009664103388786316,-0.3967078626155853,0.7865732312202454,42.591148397307,13.767630731425132,11.020868934762609,11.112631391556764
shakespeare_sonnets,Sonnet XIII,188.3451690673828,0.010576728731393814,-0.38889196515083313,0.7823106646537781,11.18327917531014,9.183966478138466,10.510923344628104,9.076862330463083
shakespeare_sonnets,Sonnet CLII,198.17947387695312,0.008253098465502262,-0.3960014879703522,0.7547138333320618,9.635358847031895,10.757321492878319,9.272923939281156,10.349113413064698
shakespeare_sonnets,Sonnet LXIII,208.43435668945312,0.008706617169082165,-0.4217487871646881,0.7727232575416565,13.30916691512283,12.555061785512937,14.06769980521904,9.907913645665467
shakespeare_sonnets,Sonnet CXXVI,203.10614013671875,0.0071477279998362064,-0.38842663168907166,0.7650928497314453,7.500135703473935,10.357921932100643,8.0287024872215,8.545277901734229
shakespeare_sonnets,Sonnet XI,191.72804260253906,0.01027256902307272,-0.3760641813278198,0.8006329536437988,14.273878005368928,11.080238776082961,9.106996234025566,11.0557857236943
shakespeare_sonnets,Sonnet XXI,191.8736114501953,0.009165072813630104,-0.39926445484161377,0.8127354979515076,7.505806633315744,9.180529730734484,11.400764902511835,9.674337909424198
shakespeare_sonnets,Sonnet XXV,205.52212524414062,0.01650611124932766,-0.3795666992664337,0.7941369414329529,9.722016848288895,7.481837969004449,7.921153923882446,10.679273498743466
shakespeare_sonnets,Sonnet XLV,194.6243133544922,0.008770334534347057,-0.4141213893890381,0.7807312607765198,8.93723836905296,10.714044749268595,8.991493013129304,9.252246589341835
shakespeare_sonnets,Sonnet CXLVIII,187.31373596191406,0.012012140825390816,-0.4092310667037964,0.7847074270248413,29.111247116274733,9.37669021522628,8.204804338330172,9.32799617384929
shakespeare_sonnets,Sonnet CXI,201.82012939453125,0.009798746556043625,-0.3646421730518341,0.809337854385376,13.937962189376712,10.520748068496221,9.758721784099304,10.305913697232363
shakespeare_sonnets,Sonnet II,262.19671630859375,0.009294526651501656,-0.4447142481803894,0.7711098790168762,14.788546401167341,19.977727307144107,40.60910544203425,44.83510400445245
shakespeare_sonnets,Sonnet CII,204.0053253173828,0.007652102969586849,-0.4182846248149872,0.7696875333786011,19.99531691781865,16.39419681350753,13.893170173319358,15.4216115093034
shakespeare_sonnets,Sonnet XL,185.70941162109375,0.011143737472593784,-0.39741551876068115,0.7852985858917236,8.91248395898951,8.559170866299855,6.737120268069997,8.076001951617533
shakespeare_sonnets,Sonnet LXXIII,221.98001098632812,0.010977917350828648,-0.3932243585586548,0.8326819539070129,11.815623298477876,8.854706313999074,15.564403872721503,13.296179855057705
shakespeare_sonnets,Sonnet CXVII,206.74778747558594,0.008617328479886055,-0.37279874086380005,0.7961447238922119,7.77948087673597,6.420131620531672,9.0892432281094,10.905402347667547
shakespeare_sonnets,Sonnet CXXIV,213.21856689453125,0.009976462461054325,-0.45763543248176575,0.7589893341064453,12.237938335022164,13.257069880215383,11.606767750250693,11.21745748551858
shakespeare_sonnets,Sonnet LXXX,200.97698974609375,0.009780777618288994,-0.3716782331466675,0.7925810813903809,8.757570746189604,9.576811153729494,9.039268230139633,10.548854863899045
shakespeare_sonnets,Sonnet CXXIX,196.6088409423828,0.016006004065275192,-0.471191942691803,0.7751038670539856,13.990694817995738,9.58595347839464,9.277572951223263,8.003482017068771
shakespeare_sonnets,Sonnet XLVI,187.948974609375,0.010688054375350475,-0.4229448139667511,0.7799432873725891,7.812395034735267,7.326284382960227,8.936407012516892,8.35496160360037
shakespeare_sonnets,Sonnet CVI,204.3773956298828,0.009045824408531189,-0.40842798352241516,0.7731972932815552,9.6019768220652,11.264917741130628,6.625910713347542,9.10642748115949
shakespeare_sonnets,Sonnet CXIII,190.43606567382812,0.009267736226320267,-0.39631187915802,0.7882000207901001,16.26939623079391,9.604896788241184,8.959277013159953,9.913468568226884
shakespeare_sonnets,Sonnet XLVII,187.7697296142578,0.01418065931648016,-0.4264318346977234,0.7895671129226685,20.241107612682228,12.07723883322512,9.301741712403212,12.527520358422144
shakespeare_sonnets,Sonnet LVII,195.38265991210938,0.008819175884127617,-0.4209977388381958,0.7708373069763184,7.617255610179489,9.35796012186752,8.224166398475202,9.10637041843128
shakespeare_sonnets,Sonnet XCIII,197.94354248046875,0.013153038918972015,-0.38320082426071167,0.7883952856063843,9.413469484385418,13.278521031312946,12.728803578898955,10.005859998101931
shakespeare_sonnets,Sonnet CXXXV,206.7731170654297,0.007563640363514423,-0.4267425239086151,0.7605613470077515,8.68940670174645,10.959206750951603,8.502433404336703,10.834150776480927
shakespeare_sonnets,Sonnet I,213.4566192626953,0.00879750121384859,-0.3868071138858795,0.771633505821228,37.767712073216714,13.336329085730993,7.8873060977656255,10.014794002690907
shakespeare_sonnets,Sonnet CL,196.40931701660156,0.011546340771019459,-0.39240121841430664,0.7892271280288696,9.77578765787921,9.770261794240273,8.19100208589781,7.016564889006029
shakespeare_sonnets,Sonnet XXVI,202.71585083007812,0.010552175343036652,-0.3753223419189453,0.7943423390388489,10.52978259560901,9.904877622656091,7.754414248106793,11.031934017321134
shakespeare_sonnets,Sonnet VII,202.92813110351562,0.009476898238062859,-0.32911184430122375,0.8093124628067017,7.224511812368727,9.920979657561205,9.201841184506836,9.047704869679315
shakespeare_sonnets,Sonnet LV,228.01431274414062,0.007691589184105396,-0.38736116886138916,0.7701176404953003,9.038047161604757,13.110854582525427,16.647756932506073,11.57248726541598
shakespeare_sonnets,Sonnet CXXVIII,203.7283172607422,0.008571352809667587,-0.3924309313297272,0.7770124673843384,9.451114601763734,10.222649419900922,7.832772109509326,10.508679316507529
shakespeare_sonnets,Sonnet LXIX,187.40345764160156,0.01113349199295044,-0.3927379250526428,0.7816752791404724,8.760605099323488,17.789036410874004,8.996854492116201,10.765540748330285
shakespeare_sonnets,Sonnet XXXIII,212.2891082763672,0.00744857732206583,-0.3597460389137268,0.7773268818855286,7.221572953065108,9.660341246517012,8.1617032798729,10.143793305470354
shakespeare_sonnets,Sonnet XIV,195.1053009033203,0.01106497272849083,-0.41407424211502075,0.7779971957206726,7.364714442107466,10.984372517274938,8.311153830775714,8.133863996124056
shakespeare_sonnets,Sonnet LXXII,197.29269409179688,0.010554571636021137,-0.3993452787399292,0.76662677526474,167.9958430740048,9.599674747153284,10.571000818022025,10.332657615875414
shakespeare_sonnets,Sonnet CXXXIX,205.28065490722656,0.014426781795918941,-0.40235087275505066,0.779883623123169,12.933920062804019,14.134892763041734,13.763328740027337,12.321141523881838
shakespeare_sonnets,Sonnet CXX,195.4703826904297,0.011766714975237846,-0.42416146397590637,0.7800867557525635,110.47648296785624,10.003168389953291,9.922017015090663,10.746334769482715
shakespeare_sonnets,Sonnet CLIII,211.58262634277344,0.009102280251681805,-0.4299321472644806,0.7500578165054321,11.931953108258003,8.11643930733603,9.147853757614175,7.3306459839796565
shakespeare_sonnets,Sonnet LXVII,192.32188415527344,0.010588442906737328,-0.34867486357688904,0.7860797047615051,13.9522196887456,9.574596329863091,8.46107216444294,11.83082011723766
shakespeare_sonnets,Sonnet XXXVIII,200.82891845703125,0.008827364072203636,-0.4055941700935364,0.7819485068321228,7.536052277628652,13.13756844874172,7.701793901766546,8.409208163103003
shakespeare_sonnets,Sonnet XXXIX,178.40562438964844,0.01148222479969263,-0.3847794234752655,0.7906951904296875,9.176876337872008,8.17585229485107,9.115594602915841,7.961098703512194
shakespeare_sonnets,Sonnet XV,210.95668029785156,0.008329144679009914,-0.3963020443916321,0.7573639154434204,37.904945200892044,17.213826561747712,9.430392602831958,14.200675020421192
shakespeare_sonnets,Sonnet LXVI,224.63987731933594,0.008450756780803204,-0.4215322434902191,0.7762466073036194,11.56382320411292,8.143533515780163,10.883738567366589,9.386937903688494
shakespeare_sonnets,Sonnet XCII,188.38294982910156,0.00815638154745102,-0.4098983407020569,0.7771880626678467,9.879167950345234,10.190564729312094,7.560756812219587,7.722688635892334
shakespeare_sonnets,Sonnet VI,197.84515380859375,0.008624812588095665,-0.42746713757514954,0.7698289752006531,7.526036874785936,14.260745784925936,11.025726555415707,10.326171273152305
shakespeare_sonnets,Sonnet LXXXII,199.06253051757812,0.00962393544614315,-0.3673446774482727,0.7859068512916565,7.499095172933412,9.687110447335197,10.797833278483338,7.8756320260886685
shakespeare_sonnets,Sonnet XXXII,203.74781799316406,0.014057855121791363,-0.3598276376724243,0.8122971057891846,10.499778536106955,13.548800269432203,10.888344185167982,11.013642667539091
shakespeare_sonnets,Sonnet XVIII,260.5645751953125,0.01002911664545536,-0.44716161489486694,0.7708581686019897,66.32649421645272,58.85808082616515,76.61192981099137,51.97367936071664
shakespeare_sonnets,Sonnet LXXV,198.44989013671875,0.010018848814070225,-0.37745243310928345,0.7844408750534058,13.624501649061594,19.67100238993601,11.046571956937422,9.448062895498714
shakespeare_sonnets,Sonnet CIV,195.2026824951172,0.008877704851329327,-0.36883148550987244,0.8181620836257935,16.1274827828302,9.933229368765797,7.192804027050423,11.441407665302645
shakespeare_sonnets,Sonnet CXII,192.89170837402344,0.013723278418183327,-0.36479052901268005,0.7790238261222839,10.270274683485038,13.056908368458998,8.146970310980342,12.744767231103642
shakespeare_sonnets,Sonnet CXLIX,197.68482971191406,0.011471787467598915,-0.3935636579990387,0.7726469039916992,8.498953964033992,14.058727809267438,10.087605632719121,8.560233262370044
shakespeare_sonnets,Sonnet LXXVII,198.2986297607422,0.011572851799428463,-0.37687504291534424,0.7846335768699646,10.777769669604371,7.444117316114596,8.305386090527223,8.963977534020268
shakespeare_sonnets,Sonnet XXIX,207.3545379638672,0.010017037391662598,-0.43956783413887024,0.7806738018989563,7.089732733839786,8.037663005022294,7.098504268202615,8.734307271546768
shakespeare_sonnets,Sonnet CXLIII,195.94357299804688,0.010112788528203964,-0.4086925983428955,0.7939132452011108,8.787486899998926,12.64308726630626,8.69095172769903,9.430956923966757
shakespeare_sonnets,Sonnet XXX,217.96099853515625,0.009245113469660282,-0.4702562391757965,0.7481648325920105,7.526745799746388,8.515135307519895,8.662071251844896,7.150285062576579
shakespeare_sonnets,Sonnet C,206.68756103515625,0.009469199925661087,-0.4411389231681824,0.7576577067375183,8.79348202736344,9.867329202346843,10.373508621492618,9.292745090057988
shakespeare_sonnets,Sonnet XCIV,198.6007080078125,0.015140697360038757,-0.395037978887558,0.792701780796051,65.21233726971344,8.846674141582302,10.143800804175273,8.212975217903548
shakespeare_sonnets,Sonnet LXXXV,217.7554168701172,0.007779612205922604,-0.43942514061927795,0.7700945138931274,10.08491432930228,9.768984101457132,10.00649584840382,11.872844302655597
shakespeare_sonnets,Sonnet CXIV,207.095947265625,0.0069530801847577095,-0.3946904242038727,0.7687170505523682,16.316745222970738,12.569094233427355,10.77107339693241,10.368108412477998
shakespeare_sonnets,Sonnet CVII,214.3961639404297,0.008499686606228352,-0.3917900621891022,0.7708573341369629,10.169432580848481,17.003802311196832,9.744338537366605,9.211951390020268
shakespeare_sonnets,Sonnet LXX,199.00482177734375,0.008039497770369053,-0.40789273381233215,0.7716584205627441,13.68604368662291,8.955655007965868,8.299994344557813,7.347380451224748
shakespeare_sonnets,Sonnet CXXX,261.26348876953125,0.008737729862332344,-0.45449966192245483,0.7634170055389404,,285.97490572000385,76.80651358299181,67.36761838526809
shakespeare_sonnets,Sonnet VIII,207.78468322753906,0.008233212865889072,-0.40066325664520264,0.7977489829063416,38.22372427198003,8.642763867646924,10.530107043753986,10.004749242659877
shakespeare_plays,complete_works@4159573,218.1032257080078,0.007896529510617256,-0.39180290699005127,0.8468332886695862,6.809898522819059,8.594362428202901,7.514185593368601,8.520370950053882
shakespeare_plays,complete_works@3183183,214.35025024414062,0.013295951299369335,-0.39463096857070923,0.8286589980125427,9.580312879430842,10.399166416338895,8.66367341673837,9.729057950983599
shakespeare_plays,complete_works@2553493,221.45455932617188,0.014651062898337841,-0.4233071804046631,0.8415613770484924,10.9309344802959,8.200913831467133,9.058614586001264,9.539579605505935
shakespeare_plays,complete_works@3534963,218.86358642578125,0.012007853016257286,-0.4189225137233734,0.7986441850662231,14.348887121071652,8.633102362226317,12.10522573516861,9.977281315451698
shakespeare_plays,complete_works@1986597,231.68695068359375,0.011232595890760422,-0.3941706120967865,0.866955041885376,6.768596724956806,8.5765296712913,9.924585882283491,8.999571585811756
shakespeare_plays,complete_works@1917618,208.30929565429688,0.010250363498926163,-0.37289562821388245,0.8340154886245728,12.43571442917365,8.700721375675156,10.288678823440872,9.29550701806332
shakespeare_plays,complete_works@4292279,211.26522827148438,0.016117800027132034,-0.4239373505115509,0.7794604301452637,10.289803697754753,10.059242026316591,9.323209796144862,10.133385945544426
shakespeare_plays,complete_works@75121,218.08119201660156,0.008165162056684494,-0.3756571412086487,0.8230858445167542,15.12386426088091,8.203278226658929,11.119643389290623,7.313905911093766
shakespeare_plays,complete_works@4812349,217.15652465820312,0.00872958917170763,-0.3810296654701233,0.87297523021698,8.774652792542343,7.009927828472169,7.347022375488303,8.399871895594625
shakespeare_plays,complete_works@3251333,225.66055297851562,0.008781541138887405,-0.38849833607673645,0.8132681846618652,12.109438445943383,10.509292566601006,10.856598909754046,9.399785602354422
shakespeare_plays,complete_works@384319,222.91993713378906,0.013923692516982555,-0.35909709334373474,0.8717938661575317,9.277630298978874,10.627228778190272,11.58021660057263,9.277616296514669
shakespeare_plays,complete_works@4324249,226.95327758789062,0.0073226094245910645,-0.4229927062988281,0.8619946837425232,7.206125996588495,7.36977778824251,6.1441192595558345,5.961729776212007
shakespeare_plays,complete_works@3436341,215.69813537597656,0.01113401260226965,-0.4207543730735779,0.7842257618904114,8.63679013835781,11.925201020235459,10.912093006622051,11.292708319199185
shakespeare_plays,complete_works@1178125,222.75318908691406,0.008804100565612316,-0.38041675090789795,0.8520362973213196,10.396392880156977,9.737709649656805,11.302510402927739,7.648058119065294
shakespeare_plays,complete_works@4379559,204.54302978515625,0.011606214568018913,-0.35828346014022827,0.8376873731613159,9.33199188214719,10.767826519056706,8.23547918300805,10.351150108482795
shakespeare_plays,complete_works@3317159,208.76295471191406,0.01515911240130663,-0.3406938314437866,0.8336798548698425,8.064114494258849,10.036173127910926,10.694759850706372,9.288348189123635
shakespeare_plays,complete_works@4956491,206.5919952392578,0.007809348404407501,-0.3943769931793213,0.779507040977478,11.662488922540563,13.436908830836238,9.284039120085126,10.96426879791784
shakespeare_plays,complete_works@1439766,220.5913543701172,0.013856151141226292,-0.4281773567199707,0.821118950843811,20.463572156674402,8.086212958029193,9.723954663636464,9.857877251698497
shakespeare_plays,complete_works@3035677,195.6731414794922,0.00846958439797163,-0.37483030557632446,0.8711143136024475,13.540445143906357,7.410422517679196,4.957600266218089,6.884732013043697
shakespeare_plays,complete_works@4297566,214.51219177246094,0.011312414892017841,-0.43573591113090515,0.7779873013496399,23.546506572077185,14.484590004125618,12.488177527651327,10.975486307135796
shakespeare_plays,complete_works@3726208,223.1369171142578,0.012977148406207561,-0.36499688029289246,0.8311052322387695,7.261938837236385,6.241464106956721,7.506737184266273,8.12958223022489
shakespeare_plays,complete_works@3723868,217.3040771484375,0.006491799373179674,-0.37741291522979736,0.8438260555267334,9.363184099463023,12.492072733871003,10.290025298861455,10.151108353479877
shakespeare_plays,complete_works@3501721,201.20883178710938,0.010180836543440819,-0.3801960051059723,0.862116277217865,16.417311672826116,8.398713048618237,8.556756570096399,9.538130215871583
shakespeare_plays,complete_works@3428820,217.96173095703125,0.011461845599114895,-0.3969417214393616,0.7488770484924316,11.254509052568942,10.406478445714901,16.019750720809352,11.89831861665414
shakespeare_plays,complete_works@1019132,217.89511108398438,0.012280038557946682,-0.40647679567337036,0.8987647891044617,10.50790636978998,8.467796588766966,7.809348805478868,8.226074816619466
shakespeare_plays,complete_works@4096092,211.18048095703125,0.010579713620245457,-0.3791895806789398,0.8217542171478271,10.365616912383736,9.216188485741608,9.096898526928033,8.212003116228686
shakespeare_plays,complete_works@3675250,220.95474243164062,0.014159522950649261,-0.3707679510116577,0.8369784951210022,22.36806666541935,8.534469580301359,6.760389510851098,6.842051214439521
shakespeare_plays,complete_works@1525749,204.87123107910156,0.015031025744974613,-0.3665301501750946,0.8671684265136719,7.338436379094493,8.175949792207476,8.533304441645328,9.297327179187393
shakespeare_plays,complete_works@2261632,214.03237915039062,0.011560976505279541,-0.39775705337524414,0.8583400249481201,9.782565248820923,9.846918743257483,8.941940373313251,7.8243577860886635
shakespeare_plays,complete_works@4847261,214.1522674560547,0.00883325096219778,-0.36214718222618103,0.8497035503387451,9.284524139008369,10.544352023524183,7.712840828531894,8.567267333299148
shakespeare_plays,complete_works@1368615,221.913330078125,0.01267653051763773,-0.4056300222873688,0.8596044778823853,6.7247869530471505,8.13802364560398,11.799916332542935,7.347485021219859
shakespeare_plays,complete_works@4344906,201.86134338378906,0.010528131388127804,-0.4112618863582611,0.7976382374763489,10.837294268804275,11.2930283120069,10.184623370880658,12.525857741716994
shakespeare_plays,complete_works@2540867,217.9620361328125,0.01156714279204607,-0.42864668369293213,0.8039292097091675,11.17305306161878,8.537238828067963,9.370988149739867,8.134878711617722
shakespeare_plays,complete_works@2776792,204.48321533203125,0.012448327615857124,-0.426602303981781,0.862891674041748,14.498489419214174,16.086893632750424,7.947526416540327,8.833108252105816
shakespeare_plays,complete_works@897237,198.72447204589844,0.01126665435731411,-0.38354164361953735,0.8033965826034546,12.567447272506591,11.041191331224555,10.321004677298728,12.661739137752123
shakespeare_plays,complete_works@4717493,213.14215087890625,0.010802156291902065,-0.3834082782268524,0.78736412525177,14.729452762061738,8.859018564261719,8.118732460220572,9.25786696224483
shakespeare_plays,complete_works@2860014,200.91319274902344,0.01125248707830906,-0.41254156827926636,0.8727826476097107,6.72802751806895,17.18014229868009,10.498332940198585,8.773026982770563
shakespeare_plays,complete_works@2451828,221.2569580078125,0.013064468279480934,-0.38829976320266724,0.8246588706970215,9.822769266068272,9.095962913106547,8.678067699748949,10.279958859962726
shakespeare_plays,complete_works@2703762,219.48875427246094,0.006799692288041115,-0.40953293442726135,0.8410747051239014,12.34037667089696,7.847273770464245,8.61047661209818,11.851646658208349
shakespeare_plays,complete_works@3871713,215.52273559570312,0.007901139557361603,-0.38427796959877014,0.8268295526504517,9.529864608745608,12.54935974274674,9.158754249852224,9.153544512005217
shakespeare_plays,complete_works@3902756,198.14195251464844,0.016619853675365448,-0.3844987154006958,0.8621986508369446,10.576787594415897,10.247367677171903,8.36174025477322,12.21379345329222
shakespeare_plays,complete_works@4547516,219.73947143554688,0.009129587560892105,-0.4108745753765106,0.8243396282196045,32.81565498359711,10.184930035962608,7.848335205074351,7.325269635397186
shakespeare_plays,complete_works@609072,218.44508361816406,0.012786583043634892,-0.3942652940750122,0.8158860206604004,9.9272138113645,7.4538064777993425,9.813009560553745,8.16021734793262
shakespeare_plays,complete_works@4755746,228.35415649414062,0.013418683782219887,-0.3953983783721924,0.8588624000549316,10.890523672848234,7.4816550044056385,10.065934968320668,10.029775332331603
shakespeare_plays,complete_works@3084026,207.88595581054688,0.010224750265479088,-0.4092273712158203,0.8527074456214905,6.795051369917014,8.350315406347235,7.590627668153087,8.500956187663467
shakespeare_plays,complete_works@1926425,208.86575317382812,0.00967777892947197,-0.3726280629634857,0.834739089012146,13.514100274970705,10.365645916445438,8.679063468345134,8.841781602153699
shakespeare_plays,complete_works@4548177,219.15150451660156,0.01445262972265482,-0.4202752411365509,0.8572531342506409,8.507260846901739,7.685497436382466,5.461389575827733,6.147920178196335
shakespeare_plays,complete_works@4968283,207.54115295410156,0.009573095478117466,-0.4259865880012512,0.7664499878883362,10.160663228732263,11.493723055683496,13.538726700633399,11.314451463762431
shakespeare_plays,complete_works@3516561,216.28506469726562,0.007621548138558865,-0.3745575249195099,0.7859306931495667,18.827241229181563,9.910931109589118,9.539247654765852,9.96446379446089
shakespeare_plays,complete_works@634832,222.7594451904297,0.011737613938748837,-0.36993446946144104,0.8564156293869019,19.472494557120477,10.275823186761507,8.848239858506659,8.03139492292036
shakespeare_plays,complete_works@3739176,196.76683044433594,0.014367729425430298,-0.3473452031612396,0.8487793803215027,12.910941934852406,10.917862866468678,11.88174312757821,9.608256190143116
shakespeare_plays,complete_works@759900,206.8353729248047,0.01649017073214054,-0.43236228823661804,0.8016892075538635,8.539963159917832,7.655776492636076,7.460587688245834,9.509876965031484
shakespeare_plays,complete_works@206933,214.30723571777344,0.01521582342684269,-0.39287254214286804,0.8292703032493591,11.050389782263524,10.751467583930872,9.611324547957492,10.079627677737246
shakespeare_plays,complete_works@2081487,214.81698608398438,0.007992609404027462,-0.3875661790370941,0.8086057305335999,23.731929483814934,9.864022900109665,8.548902083484219,9.587228415149205
shakespeare_plays,complete_works@4450490,212.0407257080078,0.0090260561555624,-0.3666781187057495,0.8455199003219604,15.021674340660574,11.823445886157504,10.429989073500568,8.105270284852418
shakespeare_plays,complete_works@1300524,202.76657104492188,0.011997746303677559,-0.3716890811920166,0.8720657825469971,9.693857739880437,16.074614126217114,13.703302336952522,8.043905406353744
shakespeare_plays,complete_works@3098644,201.8520050048828,0.00992956105619669,-0.3836972117424011,0.845355212688446,14.277783062953361,12.841398459080246,10.269668041812276,11.36129562710167
shakespeare_plays,complete_works@4200769,222.92254638671875,0.012248016893863678,-0.4206254780292511,0.7936010360717773,10.84262237393711,11.013672002396596,8.450475663103198,9.67445454969717
shakespeare_plays,complete_works@2178233,210.80783081054688,0.00845167227089405,-0.364101380109787,0.8259546160697937,9.680420182143775,7.1451705289750205,9.458037793236947,11.285516396392413
shakespeare_plays,complete_works@1572364,223.28717041015625,0.012254603207111359,-0.40278688073158264,0.8324141502380371,16.152163715941327,9.480400631489285,8.9365559696372,8.832967860462563
shakespeare_plays,complete_works@4737359,219.46705627441406,0.013205446302890778,-0.35826575756073,0.8531824946403503,11.96036055562306,8.658686204458256,6.117921055675894,5.887144306718582
shakespeare_plays,complete_works@4571641,215.9670867919922,0.011067016050219536,-0.4213186800479889,0.829666256904602,11.077419259697859,5.831206473901191,6.917935528813647,6.382257509795764
shakespeare_plays,complete_works@3647991,228.93655395507812,0.014656271785497665,-0.3930436670780182,0.868305504322052,8.00831236081005,7.21166179179398,7.159279651301201,7.254085463191533
shakespeare_plays,complete_works@4020501,215.3398895263672,0.011375496163964272,-0.3656381666660309,0.8173176646232605,16.65696084313884,9.25231824739585,8.746347168379643,10.287768917980195
shakespeare_plays,complete_works@1726047,215.4924774169922,0.014982798136770725,-0.4241451621055603,0.864862322807312,9.34664890404611,7.991201315069324,7.687344279598131,8.860792359714013
shakespeare_plays,complete_works@2610836,196.70811462402344,0.011414042674005032,-0.38299480080604553,0.8052730560302734,10.711366405931244,9.977707688227934,8.751515503108543,9.686774169104273
shakespeare_plays,complete_works@3673866,271.4959716796875,0.008999551646411419,-0.469149112701416,0.763292133808136,61.486662558605815,27.110849780296164,38.65171704756801,136.3743881887538
shakespeare_plays,complete_works@1348138,200.88668823242188,0.0090289656072855,-0.35860198736190796,0.8296825289726257,12.463091614301812,8.290498870327884,9.318466010821947,9.560392365293122
shakespeare_plays,complete_works@1959807,212.91812133789062,0.008633935824036598,-0.4294850826263428,0.8012134432792664,13.612983106187713,8.637355980319127,8.700273511990924,11.37717718366466
shakespeare_plays,complete_works@4470268,208.68931579589844,0.011973471380770206,-0.3701363801956177,0.811201810836792,34.62904802128942,8.883726874330883,6.797490293172532,8.900150348374453
shakespeare_plays,complete_works@2605425,208.21334838867188,0.007935883477330208,-0.3804197609424591,0.8250005841255188,5.467257866392737,5.905001719348862,5.764531584236767,5.8794983458844055
shakespeare_plays,complete_works@2930205,203.9449920654297,0.013440399430692196,-0.43839868903160095,0.795775294303894,9.116573015165457,8.149702041301643,7.484029367755072,9.82991301704344
shakespeare_plays,complete_works@466259,237.89633178710938,0.013958990573883057,-0.39622896909713745,0.8802573680877686,8.472656688290833,7.133410310108057,7.170563672243572,6.104587946144063
shakespeare_plays,complete_works@4591838,228.6865692138672,0.008690167218446732,-0.40819689631462097,0.8566773533821106,10.508280135118822,10.106442001175694,8.007474383384798,9.029089629880866
shakespeare_plays,complete_works@4834874,218.75091552734375,0.011413129046559334,-0.4266475439071655,0.8120465278625488,6.4861372634474925,9.807756353209744,11.154310598517643,7.044456678402191
shakespeare_plays,complete_works@456070,222.40316772460938,0.013535786420106888,-0.39680415391921997,0.8502318859100342,32.50601534412385,9.134741262224303,8.128555410813231,9.739145428550927
shakespeare_plays,complete_works@895249,226.91017150878906,0.013838824816048145,-0.44914790987968445,0.880346953868866,10.291431691698797,7.37412928493443,8.628349889025973,7.02583929081111
shakespeare_plays,complete_works@1785829,219.79251098632812,0.012038324028253555,-0.39991745352745056,0.850337028503418,15.895720104679878,11.977051110434225,7.767251028402223,9.211638560435823
shakespeare_plays,complete_works@5090884,198.72366333007812,0.00810985080897808,-0.34625244140625,0.8596146106719971,11.608780227529486,8.05370199185035,6.936742424384137,8.019622051411625
shakespeare_plays,complete_works@4944250,209.58865356445312,0.007861459627747536,-0.4035235345363617,0.824576735496521,10.574789672809619,10.149928795656592,16.50257539901293,10.043776047874491
baudelaire,LE GOUFFRE,233.74913024902344,0.011095595546066761,-0.42224445939064026,0.7484647035598755,12.090625711497118,12.875785546911912,11.099141013440864,12.854731678933181
baudelaire,DESSIN D'UN MAITRE INCONNU,259.9195556640625,0.00530152628198266,-0.44364821910858154,0.724308967590332,7.552257648574949,12.102276826700015,12.168476630401653,10.215131585003702
baudelaire,BOHEMIENS EN VOYAGE,262.8537292480469,0.009398963302373886,-0.47549405694007874,0.7115626335144043,43.53342858760294,10.106424089476029,8.577129004576765,8.54637189391971
baudelaire,LE REBELLE,233.7567901611328,0.0069700852036476135,-0.40879014134407043,0.7520363926887512,11.452947071331469,23.296716250419166,11.450544726156199,11.524509938020365
baudelaire,L'ENNEMI,246.57054138183594,0.008911949582397938,-0.434834361076355,0.737747311592102,19.658921372434378,13.214967237547764,13.538211844925822,12.538919592162687
baudelaire,HYMNE A LA BEAUTE,246.4644775390625,0.0056523107923567295,-0.4573461711406708,0.724381685256958,15.605853641575349,14.06237405846123,23.7305477679128,12.834188623224115
baudelaire,LA LUNE OFFENSEE,248.57757568359375,0.012217840179800987,-0.47598013281822205,0.7154906392097473,10.997715632128763,9.848405292320841,10.599200562761924,10.113700894327689
baudelaire,LA MUSIQUE,264.10931396484375,0.008380862884223461,-0.4501790404319763,0.7284283638000488,13.570773771299239,10.673513577921288,10.054536927361081,11.03043861814707
baudelaire,LE SOLEIL,242.2025909423828,0.007006105966866016,-0.4217378497123718,0.7508259415626526,14.971759843681479,12.95428858315088,10.926823071279944,10.173561361284467
baudelaire,LE COUCHER DU SOLEIL ROMANTIQUE,232.83840942382812,0.01076208520680666,-0.4271283447742462,0.7358590960502625,25.061631540140958,12.390212825845552,9.956218981001854,10.256405889221398
baudelaire,L'HOMME ET LA MER,247.17483520507812,0.00742434523999691,-0.40811461210250854,0.7407607436180115,22.961405687653937,10.655559329604468,9.01160652462097,12.662790724309382
baudelaire,BRUMES ET PLUIES,253.0062713623047,0.00707591837272048,-0.42978158593177795,0.7309683561325073,12.89559117014144,9.407224368096122,10.324185246188154,9.769958938084832
baudelaire,DON JUAN AUX ENFERS,243.06298828125,0.009616785682737827,-0.4095829725265503,0.749659538269043,11.383776172327266,11.124839261778327,16.777654037051953,12.502633001323101
baudelaire,LES LITANIES DE SATAN,224.15200805664062,0.01186820212751627,-0.42902854084968567,0.7671520709991455,23.59935625786693,11.441772675622625,9.127242317302144,11.211100739502722
baudelaire,LESBOS,236.33114624023438,0.010428579524159431,-0.41783854365348816,0.7621275782585144,6.882105125087033,25.768893497481745,10.152617709301698,10.367681728566069
baudelaire,LE POSSEDE,243.62294006347656,0.008727466687560081,-0.44477561116218567,0.7457218766212463,13.252232255236027,15.521478758733661,14.786864859104185,11.32465588072132
baudelaire,LA MORT DES AMANTS,265.8146057128906,0.008546240627765656,-0.4468466341495514,0.7267407774925232,8.975601874558421,14.298464411239026,13.297763454388406,9.281635506365262
baudelaire,LE JET D'EAU,262.1321716308594,0.008489161729812622,-0.4970032870769501,0.700915515422821,11.380271476562424,10.844103464271392,7.5048032638315885,7.607123891582434
baudelaire,LA VOIX,248.1824951171875,0.009757762774825096,-0.3803271949291229,0.7688312530517578,22.59536323484309,16.856890242115036,15.987040023087168,11.030266745307882
baudelaire,A UNE MENDIANTE ROUSSE,267.5566101074219,0.010327497497200966,-0.4560920298099518,0.7113364934921265,8.166070360602143,10.974563905525848,8.613469103866114,8.559039359614435
baudelaire,L'ALBATROS,263.26446533203125,0.005716199986636639,-0.43956372141838074,0.7311862707138062,32.45986726045582,14.34997713176697,15.74474560448629,12.572963324189246
baudelaire,L'HORLOGE,241.88905334472656,0.011439748108386993,-0.4231168329715729,0.7512864470481873,17.15997256641951,14.331228345583744,9.897932997527345,11.089971700014697
baudelaire,A MAXIME DU CAMP,250.0658416748047,0.012546178884804249,-0.43082883954048157,0.7277447581291199,454.9525530949787,11.654852284565568,10.764535386349355,10.799143442117101
baudelaire,UN VOYAGE A CYTHERE,244.66610717773438,0.008741502650082111,-0.42765912413597107,0.7493326663970947,18.94058058492201,15.626853923232275,14.756499128228189,11.234675421253478
baudelaire,LE VIN DE L'ASSASSIN,241.15267944335938,0.006099489517509937,-0.40499502420425415,0.7622659802436829,8.890817070054968,10.246899251888554,9.085508107531702,8.167914326976325
baudelaire,L'IRREPARABLE,249.35838317871094,0.008114952594041824,-0.41287243366241455,0.7493292689323425,9.121743693365485,9.192219647410923,8.181591128131577,10.893557019169275
baudelaire,A. J. G. F.,258.7449035644531,0.007298117037862539,-0.4362606704235077,0.7220439910888672,8.537717860268446,8.62652149513584,10.574059283372618,10.277160545773974
baudelaire,L'IRREMEDIABLE,265.1722412109375,0.011991109699010849,-0.44956082105636597,0.7189841270446777,15.606946807521528,10.109980832918971,10.28023481439622,10.009298191130993
baudelaire,A CELLE QUI EST TROP GAIE,259.2773132324219,0.010172132402658463,-0.4417787790298462,0.731788694858551,20.950112981736158,14.975536343136511,13.934544806519899,8.144722275267716
baudelaire,VIII,242.69931030273438,0.008485346101224422,-0.4380786418914795,0.7501600384712219,16.348614261695012,11.12593122045119,10.86994183722966,12.622928624493138
baudelaire,LE CREPUSCULE DU SOIR,245.1997528076172,0.006781133357435465,-0.4530273675918579,0.7344027757644653,43.792352854676345,9.406117996608291,14.295540683475778,17.164170966218126
baudelaire,FEMMES DAMNEES,251.9270477294922,0.009722566232085228,-0.43890461325645447,0.7191406488418579,9.493457301451024,8.984141187753108,8.726508408289602,10.930129507239155
baudelaire,A ERNEST CHRISTOPHE,247.67088317871094,0.007714530453085899,-0.4281981885433197,0.7395312190055847,19.856335374097853,12.855571273397231,14.368110107279314,11.637185519292913
baudelaire,A UNE PASSANTE,240.75961303710938,0.01216829288750887,-0.43756842613220215,0.7324824929237366,20.686330583961876,11.323736523144692,9.428547916303494,9.919770719277578
baudelaire,LE PARFUM,263.7237243652344,0.01058484148234129,-0.45986631512641907,0.7154366374015808,113.87238296567484,12.744409605435141,14.320976237437593,11.484589451938453
baudelaire,L'IDEAL,245.9310302734375,0.006467477418482304,-0.41698727011680603,0.7406919002532959,18.836292707824278,11.05768060020968,10.476498930579988,12.81120761826051
baudelaire,SEPULTURE D'UN POETE MAUDIT,267.1185302734375,0.007004038896411657,-0.42835280299186707,0.7167051434516907,8.917674488512429,10.411222269156571,9.692112781624804,9.66062429385591
baudelaire,A UNE MALABARAISE,243.274169921875,0.008165487088263035,-0.4300793409347534,0.7398703098297119,63.912327357900864,9.619847391980283,11.583424927494796,15.137879745124643
baudelaire,LE BALCON,246.42874145507812,0.006774052511900663,-0.4171178638935089,0.7394664883613586,14.246750013385764,10.540530801636944,8.660686009001168,9.579895971733631
baudelaire,L'IMPREVU,236.91285705566406,0.010312588885426521,-0.3933461904525757,0.7652882933616638,11.50092518647654,11.469683092137824,11.465228420221608,10.689119021562163
baudelaire,LES DEUX BONNES SOEURS,254.46505737304688,0.010097156278789043,-0.4113180637359619,0.7396825551986694,20.589230303601447,14.799481839666054,12.965752242821386,22.39293828746855
baudelaire,LE VAMPIRE,243.9824676513672,0.011907522566616535,-0.42149221897125244,0.7473720908164978,17.919389091981287,10.917126664300353,8.73810170374768,10.126683158243193
baudelaire,CAUSERIE,247.4529571533203,0.008300306275486946,-0.42986616492271423,0.7314646244049072,17.322153811434,14.368238994693595,19.254439182739965,12.552262683782661
baudelaire,LE VIN DES AMANTS,267.68243408203125,0.009099752642214298,-0.43930497765541077,0.7064610123634338,15.56403743870744,12.192868767211653,9.38034911372165,18.408871348567168
baudelaire,LES PLAINTES D'UN ICARE,251.8274383544922,0.007882059551775455,-0.4668427109718323,0.7111477255821228,34.59464795349466,12.771841306203747,8.841154271785484,10.823301123847525
baudelaire,LE CADRE,250.62579345703125,0.008600255474448204,-0.4144052267074585,0.7480525970458984,13.765418108672943,11.221969304453271,10.06983555820711,9.786374569229391
baudelaire,LE FLACON,256.25738525390625,0.00868063885718584,-0.4505217671394348,0.7314691543579102,17.507512871987288,13.456259413749802,15.326753395832682,11.807354406583865
baudelaire,LE VIN DU SOLITAIRE,256.7553405761719,0.0054648942314088345,-0.4223020076751709,0.7269253730773926,7.3670697721903,10.379756587758049,10.389220124030725,8.056205057676177
baudelaire,LE LETHE,257.38873291015625,0.0060389721766114235,-0.46158289909362793,0.7270693182945251,44.94008295097528,11.865337751806205,10.353794663135625,11.713494413124423
baudelaire,ABEL ET CAÏN,247.43910217285156,0.013952123001217842,-0.3982269763946533,0.7465029358863831,16.54586275341908,10.270865842399939,8.923321865993008,6.989142766671677
baudelaire,LES METAMORPHOSES DU VAMPIRE,244.6021270751953,0.0068182614631950855,-0.4354412257671356,0.7282923460006714,11.630223945978749,8.82979325748495,10.765472794481074,11.424985075520805
baudelaire,LE REVENANT,261.7425537109375,0.004722511861473322,-0.45565399527549744,0.7115181088447571,1979.1502006397093,9.502970081342038,10.205003735685924,9.81319085189218
baudelaire,ELEVATION,250.26832580566406,0.008851590566337109,-0.43295788764953613,0.7393006086349487,21.2258580651687,7.59131983409666,7.8982428496629495,9.963171685912913
baudelaire,HYMNE,253.80055236816406,0.010102314874529839,-0.4079134166240692,0.7421666979789734,10.347043707239676,10.626310978464524,11.953146401989583,9.19926031965434
baudelaire,LA VIE ANTERIEURE,255.89749145507812,0.009249217808246613,-0.4476413428783417,0.7309587597846985,12.324607116618411,15.582755373544707,12.2616552148291,11.180077742333737
baudelaire,L'AMOUR DU MENSONGE,251.7755584716797,0.008402594365179539,-0.43559014797210693,0.7235527634620667,43.24400275868984,11.38252482243365,10.001817845906444,9.518037194214365
baudelaire,STATUE ALLÉGORIQUE DANS LE GOUT DE LA RENAISSANCE,245.19808959960938,0.009004954248666763,-0.42655426263809204,0.7704704403877258,12.623385945892856,9.368853901491223,10.070504429264002,10.384301075674532
baudelaire,A UNE DAME CREOLE,250.15090942382812,0.004499408882111311,-0.43297669291496277,0.7272717356681824,13.47716448246365,14.146188242740225,14.345200800059356,11.426612562032457
baudelaire,TOUT ENTIERE,236.24159240722656,0.011829354800283909,-0.4125555753707886,0.7616696953773499,12.450894407568569,12.057643799615299,8.898488600730833,10.303160777509847
baudelaire,LE BEAU NAVIRE,240.74632263183594,0.0104084936901927,-0.39606282114982605,0.7573567628860474,14.6400601550848,9.217627956274178,9.14108868082025,10.710347499657225
baudelaire,SISINA,264.9243469238281,0.010500850155949593,-0.45782312750816345,0.7215952277183533,14.568445617353898,15.40488586440132,11.838862417618426,12.702732691267075
baudelaire,CHANSON D'APRES-MIDI,269.7535095214844,0.007771933916956186,-0.44453614950180054,0.7241038680076599,14.70996532198418,15.200304292302057,10.60185378707159,9.1521724654758
baudelaire,CHATIMENT DE L'ORGUEIL,249.1072235107422,0.008059168234467506,-0.42945533990859985,0.7590866684913635,11.556329121108455,22.81416712847219,12.346929090704169,15.88583107150085
baudelaire,III,260.68524169921875,0.0076005649752914906,-0.4203140437602997,0.7336926460266113,10.471710235688285,17.173719133497613,11.82315315257128,14.04721554754697
baudelaire,CONFESSION,246.01853942871094,0.006521598901599646,-0.44394561648368835,0.7379130125045776,9.98035989946635,12.543360378121232,9.895225029713412,9.395974642726626
baudelaire,L'AME DU VIN,239.9545135498047,0.0056767696514725685,-0.41224050521850586,0.7541311979293823,,13.563305942143337,9.273419018056881,16.641521820662994
baudelaire,BENEDICTION,245.5242462158203,0.007264375686645508,-0.41104376316070557,0.7624943256378174,20.40742466705141,17.09913779433124,15.63167744821111,17.805683339254408
baudelaire,L'AVERTISSEUR,236.29806518554688,0.006639084313064814,-0.41416168212890625,0.7506237626075745,8.243124496649006,9.156292340213373,9.40295157286062,8.302030619955708
baudelaire,MADRIGAL TRISTE,258.035888671875,0.010247445665299892,-0.4250892400741577,0.7291251420974731,25.54337346975313,10.79451003582259,8.035674247013313,8.909707731585783
baudelaire,SEMPER EADEM,227.23773193359375,0.010478479787707329,-0.39968135952949524,0.7656635046005249,31.554627371988715,147.87039054517007,9.665126209298794,9.968224627062593
baudelaire,LA CLOCHE FELEE,251.99319458007812,0.00738865789026022,-0.4367876350879669,0.7287195920944214,20.57659399319222,8.620156650949058,9.382905098718183,10.707946300962503
baudelaire,A VICTOR HUGO,244.2127685546875,0.011046078987419605,-0.4277785122394562,0.747425377368927,17.573789621899824,12.492784418942353,10.342906424909692,10.249708342320664
baudelaire,LA MUSE VENALE,251.39163208007812,0.010831338353455067,-0.4326937198638916,0.7246788740158081,17.864654702092793,18.635400131895445,12.943120342428744,12.424790919470311
baudelaire,LES TÉNÈBRES,249.0642547607422,0.007295360788702965,-0.3986445665359497,0.7469593286514282,11.294047434563602,18.79249414026254,18.13312983877777,11.33618883630307
baudelaire,LE CHAT,248.1122589111328,0.010310778394341469,-0.4178807735443115,0.736809253692627,15.25270038757367,10.71912089295813,9.553190963907939,10.194383625209301
baudelaire,SED NON SATIATA,252.79441833496094,0.009449413977563381,-0.4016440510749817,0.7383992671966553,670.1192470042088,11.584742519927579,11.812866593798656,12.051468722197157
baudelaire,LE COUVERCLE,240.3293914794922,0.008177011273801327,-0.38257527351379395,0.7496615648269653,20.42458606799783,21.563143947712376,10.797497927322,11.911418406816512
baudelaire,LA PIPE,253.86373901367188,0.007349732797592878,-0.4242574870586395,0.7217167019844055,8.596122870063807,11.897582478976785,10.660858002491972,9.546491778039503
baudelaire,FEMMES DAMNEES,264.1843566894531,0.01151412446051836,-0.4456683397293091,0.7194417119026184,8.37328926136061,12.027060409628694,11.57219655414983,14.676547343729597
baudelaire,LE MORT JOYEUX,255.18923950195312,0.00632092310115695,-0.43256375193595886,0.7374088764190674,8.03911251822166,12.672700734055695,8.959635986415067,8.929487299689365
mallarme,« Sur les bois oubliés quand passe l’hiver sombre »,256.8030700683594,0.01059619802981615,-0.46768781542778015,0.7277070879936218,18.074716442173642,21.925720964827978,15.240682109591045,9.634015025887303
mallarme,Angoisse,249.02706909179688,0.00971351657062769,-0.45567163825035095,0.7258937358856201,30.134725949923833,9.676025285929448,9.804278668651062,14.997990866723562
mallarme,Aumône,242.26817321777344,0.007845214568078518,-0.46175438165664673,0.7239471077919006,14.95843325042102,22.814869034940557,11.082974280318641,12.140339376208372
mallarme,Billet à Whistler,251.1702880859375,0.010965765453875065,-0.4281703531742096,0.7267503142356873,119.80037735808718,14.634496831076568,7.985672159545888,11.623604541151629
mallarme,Renouveau,247.65652465820312,0.009431579150259495,-0.4191456437110901,0.7538557648658752,18.860441532945714,9.127877918657612,8.58076471346692,14.59344581159954
mallarme,Le Tombeau d’Edgar Poe,238.3391876220703,0.008714128285646439,-0.41567957401275635,0.7578080296516418,11.383787929461489,13.943767881366647,8.712301898581408,12.864012672859914
mallarme,« Victorieusement fui le suicide beau »,234.21888732910156,0.00930614210665226,-0.42172378301620483,0.738372266292572,12.521048996557434,14.99123505931367,17.79303811505453,9.326841327315734
mallarme,Brise marine,248.63430786132812,0.00700185913592577,-0.4293150305747986,0.7346431612968445,14.283282315672459,123.78919088711659,11.981927764818035,10.248049834492145
mallarme,« Las de l’amer repos où ma paresse offense »,239.96719360351562,0.011854310519993305,-0.42159146070480347,0.7465317249298096,15.263871919553004,10.032986354259112,8.727222672828013,10.546453512871519
mallarme,« M’introduire dans ton histoire »,256.2132263183594,0.008113385178148746,-0.43278566002845764,0.7264708280563354,8.635456029369116,9.911275701310423,13.139112032091194,8.5076144073482
mallarme,"« Rien, au réveil, que vous n’ayez »",259.4324035644531,0.008850541897118092,-0.4257509410381317,0.7280128002166748,8.17121959675231,12.142617040999177,12.275133311139761,11.775805875752948
mallarme,« Une négresse par le démon secouée »,224.94577026367188,0.011547822505235672,-0.4422611594200134,0.7382257580757141,21.01276850928564,36.567251303426694,13.378950516558456,8.938861414989255
mallarme,Cantique de Saint Jean,267.8440856933594,0.006928110960870981,-0.44897690415382385,0.7142022252082825,20.53155807626643,10.915766242903171,8.266345981951623,11.211789388462766
mallarme,"« Le vierge, le vivace et le bel aujourd’hui »",253.1986846923828,0.008354153484106064,-0.3996148407459259,0.7406291365623474,14.353437440469953,10.104295559475759,14.822093604458328,14.394091391312612
mallarme,Toast funèbre,241.95037841796875,0.008317801170051098,-0.4204123616218567,0.7564249634742737,58.76052435478846,13.364805105889031,9.95676902909935,12.16957735128316
mallarme,« Toute Aurore même gourde »,253.9414825439453,0.007683260831981897,-0.4315810799598694,0.7155925035476685,13.954598009461776,8.52952634271968,9.003375748899487,8.060179099642028
mallarme,Prose,254.85018920898438,0.009617308154702187,-0.43303653597831726,0.7458720207214355,13.057296801931454,11.378876941075745,8.651531493030637,10.53934668352781
mallarme,Tristesse d’été,245.58016967773438,0.007836644537746906,-0.4370361268520355,0.7504285573959351,31.497967325094635,10.385195813640802,9.075981927943701,10.109825943776645
mallarme,« Le silence déjà funèbre d’une moire »,254.74806213378906,0.005713142454624176,-0.4550585448741913,0.7152803540229797,8.824149043810174,12.103567762618429,15.111181865421516,10.906053201782811
mallarme,Les Fenêtres,238.65794372558594,0.010086429305374622,-0.43228763341903687,0.7399517297744751,9.19842039730167,9.42589250406035,14.26928617726588,13.314064137367533
mallarme,Le Sonneur,252.96290588378906,0.0106437336653471,-0.46741241216659546,0.7154873609542847,16.054641170387193,23.124965675457673,13.929768324587126,12.863629882845757
mallarme,Tombeau de Verlaine,247.02175903320312,0.0042388723231852055,-0.4202490746974945,0.7408421039581299,13.021350142756425,20.48549698248421,16.291627595306988,11.959412431385285
mallarme,Remémoration d’amis belges,244.504150390625,0.006878808606415987,-0.45488810539245605,0.7223116159439087,32.15274508812104,16.509278500527007,22.637029226956486,12.304118190878846
mallarme,L’Azur,248.73866271972656,0.008728318847715855,-0.43088671565055847,0.7339354157447815,91.1648925687706,10.108567921548037,12.12130470109356,12.629710300294697
mallarme,Les Fleurs,239.94407653808594,0.008257387205958366,-0.3882526755332947,0.7508535981178284,31.206886697165892,21.365725697371385,10.431545760299514,12.978613489009922
mallarme,« Si tu veux nous nous aimerons »,250.3073272705078,0.00913989171385765,-0.3991088271141052,0.761526882648468,13.224526950493837,8.811533973382778,10.40363289698244,7.561665155267553
mallarme,« Quand l’ombre menaça de la fatale loi »,250.27149963378906,0.006348455790430307,-0.4127900004386902,0.7505331635475159,20.77809464181891,17.077884495936672,12.157574056884364,12.355049713454381
mallarme,Sainte,251.7014617919922,0.007919532246887684,-0.39596426486968994,0.7289770245552063,12.55600585505135,15.83293126066997,7.794839811122556,12.782469698146972
mallarme,L’Après-Midi d’un faune,240.9385223388672,0.010920198634266853,-0.4445231556892395,0.7486916780471802,12.104845861832064,10.489902336566002,10.377732245498999,9.781273828458648
mallarme,Placet futile,226.7586669921875,0.00840269960463047,-0.39666515588760376,0.7803444266319275,30.688312340380588,12.104471426755431,9.508547563741871,10.984937234293124
mallarme,« À la nue accablante tu »,249.15719604492188,0.010637977160513401,-0.4436161518096924,0.7158384323120117,11.01687469916262,9.456006021096005,11.203919148814538,9.760818376806085
mallarme,« Une dentelle s’abolit »,253.89846801757812,0.006901562679558992,-0.4641442596912384,0.7291152477264404,8.561422361195076,12.812780355725838,10.904983698883886,11.11578435764611
mallarme,Salut,244.98251342773438,0.005703105125576258,-0.4228442907333374,0.7457319498062134,9.650094912910518,13.567328849351718,12.054102157592652,11.409162420102149
mallarme,Apparition,257.6101989746094,0.010481561534106731,-0.41721001267433167,0.7331951260566711,11.140058844564734,9.633312324001672,11.510703460350973,10.652518523834217
mallarme,« Au seul souci de voyager »,256.3985290527344,0.007915136404335499,-0.417178750038147,0.7240518927574158,17.300270536357292,11.50639879539699,10.488193845013212,12.641412171668767
mallarme,Autre Éventail de mademoiselle Mallarmé,253.57061767578125,0.010386678390204906,-0.4250410199165344,0.742663562297821,12.229692103041176,18.331497832875883,11.047929470908592,10.18221088209888
mallarme,« Dame sans trop d’ardeur à la fois enflammant »,213.4951934814453,0.007068424019962549,-0.44075074791908264,0.7404800057411194,15.594487516594354,10.25324634511123,8.25601852658563,8.488235874721642
mallarme,Le Tombeau de Charles Baudelaire,257.4505310058594,0.004208914469927549,-0.46544525027275085,0.7083306908607483,26.00277543030112,20.015620950635633,15.433227147519805,11.350210780408649
mallarme,« Tout Orgueil fume-t-il du soir »,240.81436157226562,0.008415637537837029,-0.42565008997917175,0.7436132431030273,12.72815315830092,12.921241342973467,15.417832442474495,11.57558783627442
mallarme,« Ses purs ongles très haut dédiant leur onyx »,236.34060668945312,0.007832510396838188,-0.4095025360584259,0.7506099939346313,14.98343466872026,13.772448069606105,11.500247018102977,12.370410320498038
mallarme,Le Pitre châtié,245.50967407226562,0.006766096223145723,-0.44645699858665466,0.739301860332489,18.365376982676175,14.695825609895774,8.997144500825595,14.715990773620181
mallarme,« La chevelure vol d’une flamme à l’extrême »,243.05255126953125,0.008005165494978428,-0.44749385118484497,0.7124495506286621,18.71198689408573,21.071489872892382,9.815219301006271,8.931827555190406
mallarme,Hérodiade,243.79151916503906,0.013056195341050625,-0.4299132227897644,0.7533259987831116,23.353822880613876,10.235230652893607,8.48568214385519,11.258354317518556
mallarme,Don du poème,261.5348815917969,0.00946022104471922,-0.43214598298072815,0.7318037748336792,15.641852804747312,9.899244576101463,9.41057637662352,10.172051301406627
mallarme,Soupir,241.18170166015625,0.008663421496748924,-0.4485757052898407,0.7386016845703125,16.847065544513484,11.993900071343813,16.514047600154413,13.060084306764246
mallarme,"« Ô si chère de loin et proche et blanche, si »",222.90878295898438,0.007373615633696318,-0.4133150279521942,0.7516387104988098,28.05635400957845,8.653658759486891,8.27587170061111,12.051212068022252
mallarme,« Surgi de la croupe et du bond »,254.2488555908203,0.009871704503893852,-0.3944343030452728,0.7474215030670166,9.757165731178342,15.20072967392549,9.582897235786593,12.0996800496062
mallarme,Le Guignon,249.0370635986328,0.008214348927140236,-0.3996115028858185,0.7366381883621216,9.123181148298276,13.930849184453045,10.918729279972577,8.807787067275441
mallarme,« Quelle soie aux baumes de temps »,249.91824340820312,0.006475529633462429,-0.38209453225135803,0.7522670030593872,8.286419220292274,11.057678679668705,9.520608745298036,7.911418326682776
mallarme,Le Savetier,243.8837432861328,0.007887049578130245,-0.41100046038627625,0.7354433536529541,19.235481381446803,12.755482154252554,13.240386392374294,18.71888896221131
mallarme,« Mes bouquins refermés sur le nom de Paphos »,241.14083862304688,0.010168133303523064,-0.42320892214775085,0.7670831680297852,48.58862324084339,20.07039850981246,11.900298771370103,13.81739726902356
mallarme,Feuillet d’album,233.81358337402344,0.006650181952863932,-0.4277837872505188,0.7398583292961121,19.794425090546046,10.759417721796357,8.039212242521135,9.5609699485234
beckett_fr,linnommable_fr@231040,241.30804443359375,0.008807264268398285,-0.4214722216129303,0.7494783401489258,12.316290634734447,11.481372320248669,8.44481519200646,11.922839599294406
beckett_fr,linnommable_fr@279109,224.8731689453125,0.013552896678447723,-0.3639083802700043,0.796750545501709,13.460731647524202,11.248050198871692,7.633903398478263,10.612752426190813
beckett_fr,linnommable_fr@177491,239.2004852294922,0.006694502662867308,-0.42031630873680115,0.7573953866958618,20.459491752005256,16.659693639664166,13.88077959073044,10.286539123792469
beckett_fr,linnommable_fr@221352,214.0723114013672,0.01075503695756197,-0.33420804142951965,0.816917896270752,42.669643709002216,8.458405568499103,7.830387557069179,9.242661800654414
beckett_fr,linnommable_fr@291878,200.419677734375,0.013606305234134197,-0.36319953203201294,0.7849225997924805,6.6208132895451755,9.066414595805057,7.84248363258006,6.492532757715516
beckett_fr,linnommable_fr@227850,226.03582763671875,0.009038501419126987,-0.37003692984580994,0.7778642773628235,9.784202633926324,9.084606733398754,8.629359837002287,13.911855448783685
beckett_fr,linnommable_fr@155438,226.53065490722656,0.0087050786241889,-0.3907206058502197,0.7524940371513367,10.544954607818406,9.058637127131448,8.78011954055559,12.360756598393424
beckett_fr,linnommable_fr@95671,219.50367736816406,0.0107396449893713,-0.39819130301475525,0.7833733558654785,15.950748869946846,10.42130373621385,11.5045094225727,11.90558653008798
beckett_fr,linnommable_fr@225324,229.95986938476562,0.009293108247220516,-0.3598839044570923,0.7671946287155151,21.721002328894645,13.228226581957522,12.15153454658753,9.716270826314712
beckett_fr,linnommable_fr@21594,231.0665740966797,0.008988439105451107,-0.3931635916233063,0.7782111167907715,10.926417711286494,10.930935141080692,11.148297201033074,12.485919189418578
beckett_fr,linnommable_fr@134807,242.44265747070312,0.01068012323230505,-0.4187951683998108,0.7689310908317566,18.793690668167777,12.312700834044016,9.528296498795264,10.391379255222336
beckett_fr,linnommable_fr@195800,233.6513214111328,0.011045530438423157,-0.37774431705474854,0.7683750987052917,14.111333253843238,16.577534351477343,8.246848630867508,10.867561844961504
beckett_fr,linnommable_fr@94302,235.44039916992188,0.011925101280212402,-0.4150055944919586,0.7572222352027893,35.646154690664474,16.12403825773434,12.01526771054412,11.135939551395063
beckett_fr,linnommable_fr@151470,239.50341796875,0.0058979457244277,-0.3992789387702942,0.7593487501144409,18.747842954784552,9.066888257703791,8.96530786084405,9.326369673372929
beckett_fr,linnommable_fr@29854,207.8054656982422,0.00868778396397829,-0.35625267028808594,0.8118184804916382,9.675829484881177,10.828238273243649,10.928137204376894,9.429146700433652
beckett_fr,linnommable_fr@192902,238.3856201171875,0.010459696874022484,-0.4127027988433838,0.7707986235618591,8.977315411532317,14.021245538476302,9.226191604082791,10.73179315256671
beckett_fr,linnommable_fr@262787,231.37417602539062,0.009123014286160469,-0.3791644871234894,0.7735709547996521,16.85259524308429,9.421688614624617,9.808334677350873,7.917988369786821
beckett_fr,linnommable_fr@102410,229.49452209472656,0.012320202775299549,-0.364469975233078,0.7871001958847046,19.70570903431464,19.149018527338754,13.21144605310306,10.906907286205723
beckett_fr,linnommable_fr@53382,222.83847045898438,0.008273989893496037,-0.3659351170063019,0.7908012866973877,21.70606635892353,11.592764874519927,10.720540943189945,11.792267422610188
beckett_fr,linnommable_fr@177198,239.0979461669922,0.009919514879584312,-0.4006445109844208,0.7433089017868042,13.809812600370211,9.57750355076876,10.02319310768204,13.759881467891987
beckett_fr,linnommable_fr@179591,224.10787963867188,0.008945075795054436,-0.407717764377594,0.768416166305542,8.640977836111993,12.927496986636992,9.619136119269452,10.1248353496603
beckett_fr,linnommable_fr@253315,211.0587158203125,0.012863055802881718,-0.3563060462474823,0.8010651469230652,12.472994557483926,8.404941566938028,8.3509052966787,10.679971939433834
beckett_fr,linnommable_fr@185585,209.38455200195312,0.011613472364842892,-0.37628331780433655,0.7742559909820557,29.912810303560192,10.016402854912354,9.510190487526785,10.491838680159253
beckett_fr,linnommable_fr@250862,204.03573608398438,0.010406109504401684,-0.37422940135002136,0.7882719039916992,9.654570809825318,15.894141585803442,10.487204360737131,11.19936208799616
beckett_fr,linnommable_fr@251005,208.21714782714844,0.013640576973557472,-0.3790090084075928,0.7795755863189697,8.887594990817504,14.478360453969888,9.791743644201642,8.600222709973199
beckett_fr,linnommable_fr@38486,222.4322509765625,0.008486120030283928,-0.34208956360816956,0.8120526671409607,12.121900006858988,14.419689477514064,12.38858923100781,8.599194830307262
beckett_fr,linnommable_fr@274581,216.19622802734375,0.011344901286065578,-0.34981703758239746,0.8068619966506958,6.787059479399377,8.493452999848834,9.307623274189822,8.344452470962473
beckett_fr,linnommable_fr@115452,239.59080505371094,0.008902807720005512,-0.3968810439109802,0.758084774017334,9.108297511109754,11.023992685921705,8.711028813811243,8.945141857687467
beckett_fr,linnommable_fr@316155,229.90481567382812,0.011925505474209785,-0.3856990337371826,0.7893610000610352,6.002436525246531,8.093627044382654,7.279962796740232,10.782196662872895
beckett_fr,linnommable_fr@43456,219.7821044921875,0.007809142582118511,-0.3630134165287018,0.7736940383911133,10.637972106692354,9.190281537190476,14.41139655859877,13.27381689648509
beckett_fr,linnommable_fr@54414,220.88473510742188,0.01044729445129633,-0.41428735852241516,0.7769005298614502,21.13138502466332,11.349523792449036,14.502087723638002,10.501383106472403
beckett_fr,linnommable_fr@37260,226.4732666015625,0.014355839230120182,-0.373992919921875,0.7766181230545044,8.398156977904371,6.133589787324091,7.306074225099184,10.1869786874826
beckett_fr,linnommable_fr@129444,234.44874572753906,0.005146052222698927,-0.3943479657173157,0.7643332481384277,11.739667078185485,12.636457588158507,12.413447313547252,13.207995641342016
beckett_fr,linnommable_fr@139752,214.1094970703125,0.012351999059319496,-0.3646806478500366,0.7869831323623657,8.502553767048234,7.817885329140935,12.13496371724775,11.95226374195449
beckett_fr,linnommable_fr@248717,211.0937957763672,0.010537111200392246,-0.4070849120616913,0.769730269908905,9.479134684046024,8.88290573668409,8.351431345135538,9.793538353082235
beckett_fr,linnommable_fr@54577,221.41424560546875,0.010164327919483185,-0.4114639163017273,0.7764849662780762,15.582622978668642,12.864441487681265,9.236683887546786,8.997431991069266
beckett_fr,linnommable_fr@154428,237.63890075683594,0.009131096303462982,-0.4319673180580139,0.7488756775856018,17.476801102436323,13.80092509922032,11.214350082966039,11.37132226778784
beckett_fr,linnommable_fr@312320,217.29592895507812,0.012114050798118114,-0.411170095205307,0.7644352912902832,8.195297578288226,7.243511275723083,6.542641334812512,7.516967017681067
beckett_fr,linnommable_fr@12795,224.09912109375,0.008455073460936546,-0.37289005517959595,0.7754765152931213,72.52821770104771,9.805234111764946,15.638582352267933,11.240024773066263
beckett_fr,linnommable_fr@187757,210.5908966064453,0.011786061339080334,-0.38088902831077576,0.7748858332633972,33.152219554793795,12.426405605453564,14.877909707810383,13.938554131941
beckett_fr,linnommable_fr@102510,228.1254425048828,0.012379735708236694,-0.36241185665130615,0.7821022272109985,27.482709076273938,11.997773736202863,13.709918475446415,12.554759638091047
beckett_fr,linnommable_fr@104364,241.35462951660156,0.009069796651601791,-0.3692821264266968,0.7914088368415833,12.693377070121642,10.392016720370814,13.852870886627208,11.457268823159353
beckett_fr,linnommable_fr@265567,209.5542755126953,0.010578135028481483,-0.3599487245082855,0.7861303091049194,10.048875200839243,9.592946732922602,8.640455719020535,8.77285374575276
beckett_fr,linnommable_fr@182792,227.74295043945312,0.010328873991966248,-0.39667537808418274,0.7589659690856934,7.680112206299454,10.468155037722461,13.59293382241481,14.302531379266096
beckett_fr,linnommable_fr@261192,220.7992401123047,0.009632233530282974,-0.3590661287307739,0.8067061901092529,18.0418870166714,10.381070096578078,8.448951497491159,9.96898691127575
beckett_fr,linnommable_fr@160198,227.0552978515625,0.009769775904715061,-0.3842324912548065,0.7748117446899414,13.540027247704247,9.477561826983461,9.367851781219112,14.520832208002712
beckett_fr,linnommable_fr@306271,214.4668426513672,0.007545814383774996,-0.43142983317375183,0.7422696352005005,8.893486982858606,7.498364888650529,5.49248682526032,6.079901927534337
beckett_fr,linnommable_fr@131123,243.16099548339844,0.013666096143424511,-0.4184096157550812,0.7695526480674744,40.31715121633362,11.365729753259378,15.323997919286656,13.807575391140066
beckett_fr,linnommable_fr@114098,232.43959045410156,0.013700575567781925,-0.3818562626838684,0.781290590763092,13.566392996794658,11.655624812826597,11.472663194127852,15.082153191036177
beckett_fr,linnommable_fr@1704,243.7318572998047,0.007982255890965462,-0.39843520522117615,0.7621130347251892,30.66366643807182,11.388196774079763,9.570325976018456,11.44887572049908
beckett_fr,linnommable_fr@186294,223.48529052734375,0.009758873842656612,-0.3330218195915222,0.7954084873199463,6.744443406028506,10.786266884382737,8.22981656473149,8.635574423301367
beckett_fr,linnommable_fr@154164,232.1569366455078,0.010141626931726933,-0.40670162439346313,0.7728560566902161,23.374111574324154,12.419443383566122,11.722515540360934,15.915576853094706
beckett_fr,linnommable_fr@132782,245.74095153808594,0.006031656172126532,-0.4140060245990753,0.7488393783569336,14.897784188141054,11.457041515975234,10.85316194797338,15.324901521735988
beckett_fr,linnommable_fr@95,240.7485809326172,0.010734292678534985,-0.3957068622112274,0.7457501888275146,8.540458264810564,8.597876236028702,9.586339234496462,10.384994138380474
beckett_fr,linnommable_fr@63419,213.3908233642578,0.00838419608771801,-0.35802167654037476,0.8105760216712952,17.472800400511463,11.32281963811706,9.46351484569137,15.759158190340163
beckett_fr,linnommable_fr@236780,215.89610290527344,0.012805397622287273,-0.40071091055870056,0.7643412351608276,10.66537189593005,14.925951325054859,9.939413372916292,9.246646578336978
beckett_fr,linnommable_fr@315710,209.55654907226562,0.011226213537156582,-0.3825392425060272,0.7926614284515381,6.701841245340956,7.385796228145598,7.363864640815976,10.180034065919678
beckett_fr,linnommable_fr@48376,237.96337890625,0.011350899934768677,-0.40022727847099304,0.760285496711731,40.179517944837066,11.087539852260633,14.069528689241917,20.53536399466126
beckett_fr,linnommable_fr@72305,236.74899291992188,0.010341494344174862,-0.3937241733074188,0.7660762071609497,16.188056172704574,12.92969898068198,11.195022253706192,13.373954780573087
beckett_fr,linnommable_fr@27612,227.06594848632812,0.008603958413004875,-0.38619565963745117,0.782990038394928,17.725597810328612,9.365921531775319,10.678525664886383,13.089983250415475
beckett_fr,linnommable_fr@206246,219.28750610351562,0.008104909211397171,-0.37134453654289246,0.8023699522018433,9.429552497218642,11.937627213159104,10.647303655911522,10.948466145299946
beckett_fr,linnommable_fr@103540,233.53529357910156,0.012122304178774357,-0.3400445878505707,0.8132444620132446,24.818436653042628,10.161052174765835,9.739983961076813,10.061774745759383
beckett_fr,linnommable_fr@78416,231.69805908203125,0.006649423390626907,-0.41560429334640503,0.7718247175216675,16.987635802459735,10.305333646468025,9.79814858313932,12.112677981796143
beckett_fr,linnommable_fr@14992,243.5973358154297,0.005513740237802267,-0.38616451621055603,0.7672645449638367,17.445555981328535,14.37291923428445,12.686248485442306,13.485192790504154
beckett_fr,linnommable_fr@221575,229.99522399902344,0.007985384203493595,-0.3515694737434387,0.7970209717750549,14.682735206793147,9.6972413593888,11.023135679900331,8.896548890459897
beckett_fr,linnommable_fr@125448,246.30795288085938,0.005553592462092638,-0.40794113278388977,0.7796838283538818,29.019725003090766,14.735245905646934,13.779521338872978,11.438192141065318
beckett_fr,linnommable_fr@260187,225.70556640625,0.01207586470991373,-0.36332443356513977,0.7930358052253723,11.65222351352196,9.055749686353273,10.695692591573053,11.839653516030129
beckett_fr,linnommable_fr@35820,223.167236328125,0.010758609510958195,-0.3980056941509247,0.7743307948112488,68.45172932200975,8.548883432590516,9.06200021587836,10.180958585227481
beckett_fr,linnommable_fr@88814,235.8170928955078,0.009842397645115852,-0.37709856033325195,0.785296618938446,6.86744339116208,8.49586304535839,7.492472289388636,8.640643768258245
beckett_fr,linnommable_fr@93504,235.2217254638672,0.008351990953087807,-0.4111332297325134,0.7692241668701172,13.964699781483379,16.42611661304706,12.870470245010797,13.354090837253304
beckett_fr,linnommable_fr@7641,239.25616455078125,0.006008802447468042,-0.40190526843070984,0.7507545351982117,13.160670704319553,15.878633833612412,11.530135269544934,12.388984388773633
beckett_fr,linnommable_fr@124510,238.6022186279297,0.008816499263048172,-0.37217408418655396,0.7892720103263855,10.01892206677367,10.24448338091319,13.163922141010847,10.89082622849726
beckett_fr,linnommable_fr@89118,231.2753448486328,0.007677523419260979,-0.38442766666412354,0.7849339246749878,11.906123487786216,19.97135854959793,12.071989179077528,12.167597310096891
beckett_fr,linnommable_fr@139936,214.04588317871094,0.01145576685667038,-0.35658150911331177,0.8232235312461853,13.274878156015408,14.420469332538879,11.979382393109855,8.508766871798052
beckett_fr,linnommable_fr@268412,212.88113403320312,0.005929536186158657,-0.41311511397361755,0.7714974284172058,14.542853805690847,10.417259491489297,8.413834252966355,8.785717512554271
beckett_fr,linnommable_fr@115729,241.68206787109375,0.010429895482957363,-0.4076713025569916,0.7676234245300293,29.609887334381497,22.638553559304093,11.567083029363108,13.445977965293977
beckett_fr,linnommable_fr@265084,229.45005798339844,0.010224741883575916,-0.390018492937088,0.7574911713600159,8.711745140398522,11.671484337173794,10.336991265638305,8.029097203920907
beckett_fr,linnommable_fr@203489,216.9181365966797,0.007301549427211285,-0.4126701354980469,0.7509773373603821,9.713361252918473,8.262160531474603,9.44286734838334,7.2214238388488035
beckett_fr,linnommable_fr@242889,203.07513427734375,0.014482701197266579,-0.3975315988063812,0.7816994786262512,9.082397575319437,7.325814114932466,6.590363824281194,7.0542475689214275
beckett_fr,linnommable_fr@136334,232.65150451660156,0.01137244887650013,-0.3729081451892853,0.7952507138252258,11.069835743672694,17.52155319352127,11.92714660660549,8.936597303900278
ramanujan_proof_ch5,andrews_ch5_hrr_expansion@24795,211.9008026123047,0.009130289778113365,-0.4031042754650116,0.8697579503059387,12.46158930861304,11.12402326085174,12.758504665472826,16.566384434208715
ramanujan_proof_ch5,andrews_ch5_hrr_expansion@13376,182.60923767089844,0.013730637729167938,-0.402953177690506,0.9183958172798157,7.694985059074437,10.456991312242717,10.37146117294488,7.682625137363132
ramanujan_proof_ch5,andrews_ch5_hrr_expansion@14330,169.73109436035156,0.013755938038229942,-0.40586090087890625,0.8949523568153381,6.544620833382751,6.324308541414652,6.736965696527159,8.919987434537767
ramanujan_proof_ch5,andrews_ch5_hrr_expansion@12035,154.77694702148438,0.012604160234332085,-0.42482414841651917,0.8953559398651123,6.484743978745316,7.623323452943261,7.073978231644746,7.816047642050159
ramanujan_proof_ch5,andrews_ch5_hrr_expansion@28316,237.47723388671875,0.011130052618682384,-0.5039879083633423,0.7673836350440979,24.50158333576826,8.1408504312265,8.300374770406346,9.49958122521532
ramanujan_proof_ch5,andrews_ch5_hrr_expansion@7967,196.636962890625,0.013601420447230339,-0.4741595983505249,0.8501142263412476,8.393911382767751,10.886158267009165,8.156006347724126,9.286026210504115
ramanujan_proof_ch5,andrews_ch5_hrr_expansion@2584,190.3903350830078,0.012802346609532833,-0.38474753499031067,0.8549755811691284,12.628832043898225,16.091443875704044,11.902595875093109,14.431010080833417
ramanujan_proof_ch5,andrews_ch5_hrr_expansion@13012,187.1690673828125,0.013080711476504803,-0.40353578329086304,0.9072420597076416,6.783188379818085,7.538406915223476,7.9296314728619155,8.468663706042395
ramanujan_proof_ch5,andrews_ch5_hrr_expansion@16337,178.58470153808594,0.010243396274745464,-0.4312451481819153,0.8787592053413391,9.238533471041325,8.810787023290395,11.572904522235445,9.045393683496858
ramanujan_proof_ch5,andrews_ch5_hrr_expansion@15701,173.26943969726562,0.011897427029907703,-0.4275837540626526,0.9204092025756836,12.11142653641124,10.846925599397887,8.853799090017468,9.181404573039135
ramanujan_proof_ch5,andrews_ch5_hrr_expansion@20309,180.5894775390625,0.008928869850933552,-0.4440855383872986,0.8692502379417419,9.192488771965689,7.916999151304277,8.68087754107994,8.040375567156179
ramanujan_proof_ch5,andrews_ch5_hrr_expansion@15632,175.6425018310547,0.010160911828279495,-0.4244353473186493,0.904708743095398,13.478853050345165,8.106818909483378,8.271465286537442,11.005340879276014
ramanujan_proof_ch5,andrews_ch5_hrr_expansion@20987,187.1151123046875,0.013615352101624012,-0.3888244330883026,0.8865374326705933,8.898572884537787,8.47789851601468,9.23907659796139,11.179623081829956
ramanujan_proof_ch5,andrews_ch5_hrr_expansion@4137,192.95989990234375,0.007346318103373051,-0.38172647356987,0.818559467792511,16.921331771990978,14.851269605006358,10.303417595252085,8.48483026365657
ramanujan_proof_ch5,andrews_ch5_hrr_expansion@6690,197.12388610839844,0.013175851665437222,-0.42303916811943054,0.8954257369041443,16.890242046475283,14.670109345075375,11.499091498201228,11.111585143119992
ramanujan_proof_ch5,andrews_ch5_hrr_expansion@6531,196.05526733398438,0.0113783348351717,-0.4188683032989502,0.9152941703796387,10.007181782114866,8.089101905185272,9.794468446732957,13.305148559846096
ramanujan_proof_ch5,andrews_ch5_hrr_expansion@14105,170.27452087402344,0.012539590708911419,-0.4343417286872864,0.9109829664230347,10.981430784035675,8.760249734954845,7.549726218588587,8.637299881384912
ramanujan_proof_ch5,andrews_ch5_hrr_expansion@7316,171.60316467285156,0.013821232132613659,-0.4156262278556824,1.0347816944122314,12.162604989175748,10.8472328120043,9.874415288406142,7.584718517239427
ramanujan_proof_ch5,andrews_ch5_hrr_expansion@16045,168.0301971435547,0.01113283634185791,-0.43347519636154175,0.8171581625938416,8.600794842697994,9.02135969916718,7.882951505919784,8.60572206082188
ramanujan_proof_ch5,andrews_ch5_hrr_expansion@15774,167.91090393066406,0.009501796215772629,-0.43424198031425476,0.8938639760017395,8.30087127932337,10.38686816790266,9.120602200362342,7.984702593298996
ramanujan_proof_ch5,andrews_ch5_hrr_expansion@21876,147.62490844726562,0.012287607416510582,-0.5321831107139587,0.7809798121452332,17.201785152014086,8.73260226740597,7.377538665384405,7.323271613497429
ramanujan_proof_ch5,andrews_ch5_hrr_expansion@5787,144.52130126953125,0.01636665314435959,-0.4148760139942169,0.8237048387527466,8.615292054289684,7.912325436214881,5.520127344559858,6.0869652373338425
ramanujan_proof_ch5,andrews_ch5_hrr_expansion@14075,166.38363647460938,0.010671840980648994,-0.4579906761646271,0.8651379942893982,11.824319108003813,9.812097217556758,9.089975181266354,7.959039327819924
ramanujan_proof_ch5,andrews_ch5_hrr_expansion@2286,202.27671813964844,0.00919883418828249,-0.363756388425827,0.8543272614479065,12.86119681460277,11.598125261478629,12.822961361554636,10.658390486298593
ramanujan_proof_ch5,andrews_ch5_hrr_expansion@9133,182.84881591796875,0.010080207139253616,-0.4027007818222046,0.9129992127418518,15.552550714337842,8.796368257962591,6.973116169136219,9.39576699941841
ramanujan_proof_ch5,andrews_ch5_hrr_expansion@7642,165.5390167236328,0.009840287268161774,-0.4639779329299927,0.8612765669822693,14.957841882238142,11.5241175140867,10.786360501918018,7.540534118600283
ramanujan_proof_ch5,andrews_ch5_hrr_expansion@12602,158.67112731933594,0.015808846801519394,-0.45376747846603394,0.8373091220855713,7.904798696660912,7.744639275684059,8.073521187362765,6.822649485738779
ramanujan_proof_ch5,andrews_ch5_hrr_expansion@12379,182.94744873046875,0.01374079380184412,-0.44429919123649597,0.8835938572883606,6.883349156337729,8.351184186110375,10.691753010928881,7.241703104317475
ramanujan_proof_ch5,andrews_ch5_hrr_expansion@7472,173.5873565673828,0.011341682635247707,-0.4278617203235626,0.9437905550003052,233.3147387374943,9.220720060098046,8.030029158512498,9.403268112989139
ramanujan_proof_ch5,andrews_ch5_hrr_expansion@11476,180.90452575683594,0.010825453326106071,-0.43107300996780396,0.8974187970161438,8.70327671722144,8.437744743155994,10.83135986121571,7.613291514509129
ramanujan_proof_ch5,andrews_ch5_hrr_expansion@11974,150.49700927734375,0.014069178141653538,-0.44242873787879944,0.8537647724151611,9.606956516262105,7.263730124664919,6.293087335603577,7.703456312004396
ramanujan_proof_ch5,andrews_ch5_hrr_expansion@18983,166.82017517089844,0.011429870501160622,-0.4396526515483856,0.900123655796051,7.146910762051592,8.336202215004274,8.319370556342003,9.751833539457962
ramanujan_proof_ch5,andrews_ch5_hrr_expansion@19014,164.85205078125,0.011089074425399303,-0.4349752962589264,0.8711957335472107,7.914378372126263,11.603612784090949,8.378191044696578,8.545921027582462
ramanujan_proof_ch5,andrews_ch5_hrr_expansion@16629,159.90542602539062,0.012055622413754463,-0.4093339443206787,0.9059105515480042,13.794960824822446,8.635984959698073,6.824590801588428,9.390469971265041
ramanujan_proof_ch5,andrews_ch5_hrr_expansion@14248,157.6520538330078,0.015814002603292465,-0.41979753971099854,0.8828766345977783,8.794501165780467,9.808101611770237,7.53810123090059,7.013182064201942
ramanujan_proof_ch5,andrews_ch5_hrr_expansion@15561,171.30006408691406,0.013365086168050766,-0.46698394417762756,0.8640295267105103,4.32461300898662,5.948815862924402,7.297352130232676,8.797802082544578
ramanujan_proof_ch5,andrews_ch5_hrr_expansion@8912,173.55001831054688,0.016346488147974014,-0.4192779064178467,0.8724850416183472,11.082993876349692,9.857572563404535,8.16170511701672,8.926345417907429
ramanujan_proof_ch5,andrews_ch5_hrr_expansion@18362,204.89532470703125,0.009429965168237686,-0.39265871047973633,0.8917319774627686,9.598735411441275,13.74737778138743,9.97897046057612,11.91728391451123
ramanujan_proof_ch5,andrews_ch5_hrr_expansion@14498,177.47357177734375,0.010276912711560726,-0.41139984130859375,0.8786454200744629,12.944085642022735,11.356922588106212,9.862515423282169,9.396889156161748
ramanujan_proof_ch5,andrews_ch5_hrr_expansion@5140,185.7066192626953,0.011753584258258343,-0.40244048833847046,0.958812952041626,18.707996073165774,12.15042185281094,9.419855545510934,8.829550469352675
ramanujan_proof_ch5,andrews_ch5_hrr_expansion@18541,186.10968017578125,0.00976501777768135,-0.3840882480144501,0.9304548501968384,27.46217394811208,8.85400446896129,13.349696016285803,11.121385196421535
ramanujan_proof_ch5,andrews_ch5_hrr_expansion@10060,201.3197479248047,0.007546566426753998,-0.37801608443260193,0.8343161940574646,14.024296894469874,12.653905353853027,13.809279777458437,13.285282397657403
ramanujan_proof_ch5,andrews_ch5_hrr_expansion@1148,212.67787170410156,0.009503497742116451,-0.3846724033355713,0.9176846742630005,8.121511257077518,8.362876157812863,8.288351501314203,11.574849063860302
ramanujan_proof_ch5,andrews_ch5_hrr_expansion@16201,194.727294921875,0.010446957312524319,-0.409647673368454,0.8901616930961609,10.254859561873392,8.063291770287929,7.375649739898509,8.1900907540086
ramanujan_proof_ch5,andrews_ch5_hrr_expansion@15906,165.7384796142578,0.0168168842792511,-0.4033145010471344,0.9342936873435974,7.541559772382943,7.969905929550716,10.345507037773919,9.348488832966455
ramanujan_proof_ch5,andrews_ch5_hrr_expansion@7924,191.10597229003906,0.011354459449648857,-0.48987501859664917,0.8057395815849304,6.493142117315927,11.395147659321728,7.453169472915928,7.865922960675665
ramanujan_proof_ch5,andrews_ch5_hrr_expansion@2317,205.28854370117188,0.008454722352325916,-0.36019977927207947,0.8460705876350403,16.557753717832377,9.633738205912927,10.926111964328001,13.240561431429583
ramanujan_proof_ch5,andrews_ch5_hrr_expansion@18414,198.05712890625,0.010068238712847233,-0.3984306752681732,0.8979536890983582,12.172346869305485,9.854718882430223,11.243467977223974,8.813147689662898
ramanujan_proof_ch5,andrews_ch5_hrr_expansion@4926,178.403564453125,0.01198078878223896,-0.4024108350276947,0.9990432858467102,16.442912086006913,8.213576139980535,9.340300741419505,8.394107040565716
ramanujan_proof_ch5,andrews_ch5_hrr_expansion@3443,205.02272033691406,0.006029143463820219,-0.3664346933364868,0.8439019322395325,13.312094535950937,9.011449776607993,11.627318893944622,12.132991894883665
ramanujan_proof_ch5,andrews_ch5_hrr_expansion@8217,201.21160888671875,0.010009020566940308,-0.42461898922920227,0.9113680124282837,19.103647981493733,12.832425528498845,9.995893615979725,10.887353478174473
ramanujan_proof_ch5,andrews_ch5_hrr_expansion@13678,153.15359497070312,0.015307757072150707,-0.4232870042324066,0.9279128313064575,26.736405146253873,9.924626061865068,7.171058426771975,9.301477927124456
ramanujan_proof_ch5,andrews_ch5_hrr_expansion@5058,165.43104553222656,0.013760491274297237,-0.4228588044643402,0.9378531575202942,8.061219911650213,13.433926784256428,13.83726277780435,8.303599929000539
ramanujan_proof_ch5,andrews_ch5_hrr_expansion@5163,183.5904541015625,0.011348094791173935,-0.41663479804992676,0.9592898488044739,10.076869897267944,8.309837242681851,10.958741685542186,7.774127334170872
ramanujan_proof_ch5,andrews_ch5_hrr_expansion@8878,171.7308807373047,0.013159608468413353,-0.401687890291214,0.8681663274765015,14.222287314704909,12.572797387489516,10.47874726097253,8.008005104831728
ramanujan_proof_ch5,andrews_ch5_hrr_expansion@17169,159.65423583984375,0.013143249787390232,-0.4953301250934601,0.8257104754447937,8.31488270219763,6.126154752871319,7.01274361769274,5.841865807750782
ramanujan_proof_ch5,andrews_ch5_hrr_expansion@13953,155.8804931640625,0.011512783356010914,-0.46737438440322876,0.8623312711715698,10.534515581603493,14.495207599036458,8.51436954791446,9.445076577417158
ramanujan_proof_ch5,andrews_ch5_hrr_expansion@5207,184.91610717773438,0.011625196784734726,-0.4117445647716522,0.9422160387039185,10.138768861813634,12.364294778587954,8.103385441670913,8.061058353071125
ramanujan_proof_ch5,andrews_ch5_hrr_expansion@5927,174.2481231689453,0.010277213528752327,-0.4154246151447296,0.8971930146217346,5.002721776771621,6.5038216529092345,7.007438571984773,8.917378395797748
ramanujan_proof_ch5,andrews_ch5_hrr_expansion@2397,203.4978790283203,0.007797401864081621,-0.354854941368103,0.8497294783592224,14.814296459552779,11.927287872667652,13.34651701425482,10.469857627327222
ramanujan_proof_ch5,andrews_ch5_hrr_expansion@7781,159.5701141357422,0.015181120485067368,-0.459911972284317,0.8229975700378418,7.447074234065712,15.581681968457708,7.300823633971662,9.383958572834693
ramanujan_proof_ch5,andrews_ch5_hrr_expansion@9190,183.01971435546875,0.010103903710842133,-0.405921071767807,0.8914014101028442,9.831798506042986,8.42306984485424,9.628180934947304,9.071153304041214
ramanujan_proof_ch5,andrews_ch5_hrr_expansion@16766,164.1171417236328,0.013656902126967907,-0.4399818778038025,0.8874586820602417,6.400611498216154,7.694581607762995,7.247892851893187,8.16233762358807
ramanujan_proof_ch5,andrews_ch5_hrr_expansion@22388,169.94155883789062,0.012318340130150318,-0.399940550327301,0.8902761936187744,9.680845183376919,8.647860388781648,9.065855342237514,9.54273000000962
ramanujan_proof_ch5,andrews_ch5_hrr_expansion@10673,171.852783203125,0.01128916535526514,-0.4162940979003906,0.9312185645103455,12.184630367085365,8.921154576401506,10.362972446126133,8.030803863160175
ramanujan_proof_ch5,andrews_ch5_hrr_expansion@23412,212.5387725830078,0.009342402219772339,-0.4104402959346771,0.8875938057899475,8.444553304132572,7.646483005859079,7.1401771773822755,8.230128843736683
ramanujan_proof_ch5,andrews_ch5_hrr_expansion@22808,169.3173065185547,0.011926418170332909,-0.40681812167167664,0.8861414790153503,8.309195535790078,9.24541773505867,8.276015274784216,6.937076604239065
ramanujan_proof_ch5,andrews_ch5_hrr_expansion@17024,163.29953002929688,0.012674197554588318,-0.46257567405700684,0.8693937063217163,7.678166862810354,16.6230109066936,7.916430173310703,7.750646972846242
ramanujan_proof_ch5,andrews_ch5_hrr_expansion@24867,216.89959716796875,0.008557794615626335,-0.38670945167541504,0.8739510774612427,13.678186442233777,11.965748715643095,12.847455538108232,11.046508753396935
ramanujan_proof_ch5,andrews_ch5_hrr_expansion@6734,199.06576538085938,0.00993444211781025,-0.3993929326534271,0.9009746313095093,13.796453520720029,10.79092003447278,15.406960468177667,11.127932591171744
ramanujan_proof_ch5,andrews_ch5_hrr_expansion@27033,223.28607177734375,0.010282827541232109,-0.4179236590862274,0.8163448572158813,19.981585225151097,13.336896141982994,10.426213999307407,9.659913104100369
ramanujan_proof_ch5,andrews_ch5_hrr_expansion@4702,175.5106201171875,0.014928511343896389,-0.4101373255252838,1.0769344568252563,54.3198513247889,13.866222308096829,8.793283210990655,7.380077427868864
ramanujan_proof_ch5,andrews_ch5_hrr_expansion@12018,155.57568359375,0.00986688956618309,-0.42112618684768677,0.899178147315979,9.907349886183107,7.565571112072475,6.8938215638857026,8.303007763105885
ramanujan_proof_ch5,andrews_ch5_hrr_expansion@8299,203.80418395996094,0.011454179883003235,-0.4343610107898712,0.9192502498626709,9.077505173343193,13.374540319391441,12.142589173166336,9.032754531307436
ramanujan_proof_ch5,andrews_ch5_hrr_expansion@18044,179.04232788085938,0.011892165057361126,-0.4202500879764557,0.8859987854957581,9.498741605544868,7.611685092678723,8.567191074396058,7.66409844942492
ramanujan_proof_ch5,andrews_ch5_hrr_expansion@18894,169.4921112060547,0.01661560870707035,-0.46104705333709717,0.9134028553962708,10.725825972277057,8.57726390081492,8.128255339967499,9.181904614633051
ramanujan_proof_ch5,andrews_ch5_hrr_expansion@22020,156.46446228027344,0.020328566431999207,-0.45352980494499207,0.859203577041626,10.648466272172215,8.196852744086101,7.5809341468272144,8.095391385493867
ramanujan_proof_ch5,andrews_ch5_hrr_expansion@4801,172.20892333984375,0.012092797085642815,-0.3967092037200928,1.0656765699386597,28.159202107945347,10.185732467284387,8.314985308751169,10.571086576936695
ramanujan_proof_ch5,andrews_ch5_hrr_expansion@24324,208.83139038085938,0.011310944333672523,-0.42428770661354065,0.8174571394920349,8.469975816405336,9.67973166803776,7.466017135936046,7.544151648223591
ramanujan_proof_ch5,andrews_ch5_hrr_expansion@14440,168.7332305908203,0.009847295470535755,-0.39871668815612793,0.8779739141464233,8.176609774899216,8.837431979791917,8.738481795661478,10.625872608659941
math_other,andrews_ch13_combinatorics@13376,152.6811981201172,0.012461565434932709,-0.44461163878440857,0.9096152782440186,13.60160202288905,7.962100968764512,7.897795524826195,7.486460527537194
math_other,andrews_ch1_elementary@19564,179.0409393310547,0.010040533728897572,-0.36981043219566345,0.9093329906463623,9.566754912983795,4.815170719071266,6.126528323111215,7.580943519446814
math_other,andrews_ch1_elementary@3216,175.84507751464844,0.008482532575726509,-0.4132651686668396,0.715976893901825,6.288096629751912,4.809645752319835,4.924747757947408,5.2247176733591685
math_other,andrews_ch13_combinatorics@14471,181.79966735839844,0.013112488202750683,-0.404777854681015,0.9032915234565735,5.67097571147191,7.241789473453198,7.792868939444568,7.99419371633827
math_other,andrews_ch13_combinatorics@14439,172.69970703125,0.01052025891840458,-0.3993128836154938,0.8957158327102661,7.958268518046893,8.564643433729973,8.81719113054111,9.621099950190493
math_other,andrews_ch1_elementary@22527,215.73190307617188,0.005653452128171921,-0.42958226799964905,0.8236187100410461,7.065844269587963,8.176724471508624,9.05861470920707,7.488444689593637
math_other,andrews_ch13_combinatorics@24344,212.5150909423828,0.00867610052227974,-0.41501209139823914,0.8212822079658508,9.919173824618838,8.381779238367864,8.375734206215316,8.919332061472586
math_other,andrews_ch13_combinatorics@18412,177.66131591796875,0.0110313156619668,-0.4397639036178589,0.8505992889404297,8.667083330792414,7.673311785175727,7.1214033663554925,8.981370167132708
math_other,andrews_ch13_combinatorics@2996,178.00115966796875,0.013022265397012234,-0.453981876373291,0.8956248760223389,27.259815236083988,8.897217056371662,8.729824942326216,8.182262908969241
math_other,andrews_ch1_elementary@14874,163.88137817382812,0.014407388865947723,-0.392187237739563,0.9202898740768433,9.441448026012512,10.77842092552125,8.829745609527036,9.826879555154784
math_other,andrews_ch13_combinatorics@23579,210.3799285888672,0.009449363686144352,-0.3912181854248047,0.8849136233329773,6.048572631239839,7.285331593788399,7.906930975629514,7.524373189700721
math_other,andrews_ch13_combinatorics@14787,203.18634033203125,0.00970361940562725,-0.37935036420822144,0.8848568797111511,15.579568384140082,11.088075252273658,10.212134759243117,10.023945455148278
math_other,andrews_ch1_elementary@18149,193.13807678222656,0.012381169945001602,-0.44103723764419556,0.8041757941246033,32.26960926287529,11.477398340033911,9.976491036537837,9.132943371074393
math_other,andrews_ch13_combinatorics@27966,216.80186462402344,0.010341730900108814,-0.4367956817150116,0.8383576273918152,11.640960892723331,9.703559829406723,11.068337374957817,9.882845153181513
math_other,andrews_ch1_elementary@3001,176.04946899414062,0.009727487340569496,-0.41466519236564636,0.7665895819664001,7.8878026579159775,8.473973652408873,7.4231323385543595,5.686834013202144
math_other,andrews_ch1_elementary@7913,180.92054748535156,0.010982261970639229,-0.4626930058002472,0.86561518907547,10.272192408928507,7.194672039111849,8.70464028977499,11.038285450202654
math_other,andrews_ch13_combinatorics@22596,160.04042053222656,0.012060918845236301,-0.5318195819854736,0.7156369090080261,6.755988326121736,5.264026147819005,5.519935915815844,5.230942262742641
math_other,andrews_ch13_combinatorics@18593,172.49513244628906,0.012177305296063423,-0.3837749660015106,0.8921406865119934,11.396002895580036,7.747487649452225,8.016231229657294,7.936297794847206
math_other,andrews_ch13_combinatorics@7926,180.44525146484375,0.01384805515408516,-0.3741188049316406,0.8870362639427185,12.945413804905886,12.255014699186288,8.33860292184648,8.348037104947682
math_other,andrews_ch13_combinatorics@12847,177.60818481445312,0.009315204806625843,-0.39185914397239685,0.9150265455245972,10.595038684851406,9.702067291421862,10.610473424159188,8.545121642346427
math_other,andrews_ch1_elementary@14370,185.51937866210938,0.009420717135071754,-0.3747752606868744,0.8663634061813354,13.22103313423241,10.685667551996731,10.446552645283035,11.516288069004482
math_other,andrews_ch13_combinatorics@24640,195.33230590820312,0.013154189102351665,-0.4129377007484436,0.8505323529243469,10.424661767509813,7.588376852174383,7.935037616556889,8.315044309843415
math_other,andrews_ch1_elementary@17708,180.45274353027344,0.01055179163813591,-0.4443660378456116,0.8924168944358826,14.481845815282398,8.160002503720534,8.183116075406419,10.047543316959665
math_other,andrews_ch13_combinatorics@24056,176.8131561279297,0.013976690359413624,-0.399059534072876,0.9377922415733337,9.22997517142056,9.566045086712812,8.79312490647355,7.591916464589669
math_other,andrews_ch13_combinatorics@5027,166.24969482421875,0.010838131420314312,-0.3308354616165161,0.8714481592178345,7.197123465172725,5.116120241120155,6.646158068744192,9.970429328128256
math_other,andrews_ch1_elementary@17106,168.2915802001953,0.009967525489628315,-0.45529070496559143,0.8795442581176758,9.228539839576653,7.910998989866817,8.470918054338341,8.613327091130376
math_other,andrews_ch1_elementary@18382,183.38658142089844,0.010612664744257927,-0.420516699552536,0.8191683888435364,18.335221141715497,9.61869518240248,11.380808213267631,8.511337113466464
math_other,andrews_ch13_combinatorics@9572,176.65870666503906,0.01102942693978548,-0.3795812129974365,0.9314491152763367,16.078702026372653,9.497305934467889,8.652580772209804,9.11711173204112
math_other,andrews_ch13_combinatorics@15912,173.29656982421875,0.011975598521530628,-0.45110148191452026,0.8960705399513245,6.522908018354602,6.947676568208046,6.375305230907446,8.323433112665445
math_other,andrews_ch1_elementary@834,195.73040771484375,0.011849328875541687,-0.41493314504623413,0.8847079873085022,10.963141264513819,7.946101296989424,7.561031210225894,9.582486964750021
math_other,andrews_ch1_elementary@23708,217.91714477539062,0.011708580888807774,-0.46663206815719604,0.8118246793746948,21.9884774060698,9.809836775761468,6.82447568498316,8.326093699383645
math_other,andrews_ch1_elementary@9383,182.66598510742188,0.010883072391152382,-0.4272744953632355,0.9282259941101074,10.449786772560152,12.09044128837097,12.637755141140014,8.908396663459092
math_other,andrews_ch1_elementary@17000,173.7833251953125,0.018738454207777977,-0.48104211688041687,0.8486044406890869,16.931866509895144,6.836549556422169,7.943306767189759,8.053896427795305
math_other,andrews_ch1_elementary@11266,181.31834411621094,0.011953996494412422,-0.3929362893104553,0.8552227020263672,9.834433216811323,9.022145358125414,9.007027212352238,9.494545390826145
math_other,andrews_ch13_combinatorics@8188,177.95008850097656,0.010660156607627869,-0.41865888237953186,0.8655207753181458,8.617667086471121,7.34709068512919,6.82726657266265,8.370626977200967
math_other,andrews_ch1_elementary@20270,173.45054626464844,0.012099092826247215,-0.4285002648830414,0.8514060974121094,11.851212889489338,9.069753775672353,9.452935409230426,10.306630175299256
math_other,andrews_ch1_elementary@13718,216.6486358642578,0.012205722741782665,-0.422047883272171,0.8658660054206848,25.367553443978473,9.730447642347114,11.104449290442355,9.110672621044351
math_other,andrews_ch1_elementary@9566,201.19142150878906,0.010294477455317974,-0.41668030619621277,0.8233051896095276,10.213129748946944,9.578843964416606,8.01743411274218,8.791516921514988
math_other,andrews_ch1_elementary@17478,166.56008911132812,0.008874604478478432,-0.4195551872253418,0.81956946849823,6.752769479728087,7.040749719774704,6.785994797943276,8.181522119690591
math_other,andrews_ch1_elementary@18751,180.9313201904297,0.013938579708337784,-0.40503352880477905,0.8550131320953369,17.349429211630596,13.473388172228995,11.394434428464557,10.751895428091617
math_other,andrews_ch1_elementary@2179,178.62396240234375,0.008716491982340813,-0.40302783250808716,0.7217735648155212,8.036010451695354,6.173531065865463,4.85494877945492,5.213209435517573
math_other,andrews_ch1_elementary@12513,189.31788635253906,0.01045433059334755,-0.6307204961776733,0.7828028202056885,4.432750050758024,3.5976657113613353,3.3205276432863693,5.949074506089028
math_other,andrews_ch1_elementary@8649,188.56503295898438,0.011929296888411045,-0.38457679748535156,0.9059210419654846,24.038000893294793,9.615210997043786,10.810905153702924,9.341128588350351
math_other,andrews_ch13_combinatorics@23560,210.42404174804688,0.01338870543986559,-0.38300222158432007,0.8794647455215454,5.463189871060061,5.934423763052871,6.885138141090595,7.020327259978844
math_other,andrews_ch13_combinatorics@17658,160.4307403564453,0.013372167944908142,-0.3916938900947571,0.9277695417404175,7.5060112392393155,7.857412436428641,8.044812792688015,7.8243375558900725
math_other,andrews_ch1_elementary@9569,203.14059448242188,0.008164912462234497,-0.41995617747306824,0.820525586605072,7.363687334360805,7.950666066791342,8.973742744418418,8.24120731177207
math_other,andrews_ch13_combinatorics@11504,181.31338500976562,0.011380202136933804,-0.4196399450302124,0.888477623462677,11.741579336332833,8.775269369412978,8.581473801218717,9.034756793951455
math_other,andrews_ch1_elementary@5747,185.38568115234375,0.013701139949262142,-0.4143281877040863,0.9158156514167786,6.796626259501821,7.523399212195059,7.9178398255767775,7.604604659574291
math_other,andrews_ch13_combinatorics@8410,185.65582275390625,0.008960136212408543,-0.36123013496398926,0.8572795391082764,20.538372755926638,10.174942493826872,15.552299155872802,12.872347190397036
math_other,andrews_ch1_elementary@14919,176.82199096679688,0.015247347764670849,-0.3934226930141449,0.8715641498565674,20.195817226905813,10.436773508246002,9.73495413674407,9.120145080718808
math_other,andrews_ch13_combinatorics@13837,178.4273223876953,0.01164849754422903,-0.3959644138813019,0.8790271282196045,8.034284732712564,6.5301155873794094,5.8639787618753,6.494099725819666
math_other,andrews_ch1_elementary@14268,190.5336151123047,0.009169001132249832,-0.39832884073257446,0.8614532351493835,9.577690179296841,11.283226885957266,10.614695931409596,12.893693690149647
math_other,andrews_ch13_combinatorics@18136,185.89364624023438,0.010828377678990364,-0.41900479793548584,0.9282059073448181,8.78331164181805,8.882903939765338,9.880172311914327,7.7605671346010645
math_other,andrews_ch1_elementary@5248,171.3972930908203,0.013004235923290253,-0.40203070640563965,0.9190278649330139,10.42341950038432,7.751085381867702,8.103579561250179,8.395172027671274
math_other,andrews_ch1_elementary@12519,186.577392578125,0.012052200734615326,-0.6050463318824768,0.8135354518890381,4.235834906856707,3.756909660576402,3.724753686885319,5.945745621120124
math_other,andrews_ch1_elementary@3792,196.60845947265625,0.007895545102655888,-0.41847681999206543,0.8728474974632263,21.089197064283887,10.20301129949235,9.702347226526918,8.669224828867275
math_other,andrews_ch1_elementary@10472,191.1738739013672,0.014307389967143536,-0.3714057207107544,0.8873867392539978,16.77743266835523,9.227047052245467,8.523498178351515,6.472192388212554
math_other,andrews_ch1_elementary@3065,173.52969360351562,0.011531705036759377,-0.4192740023136139,0.7151005268096924,7.450108481847916,6.7599458280485045,5.276425577784383,5.04763003118193
math_other,andrews_ch13_combinatorics@19095,175.40615844726562,0.012393624521791935,-0.3517141044139862,0.8891421556472778,8.308725390567927,7.827967532404088,7.834201093419329,7.599151305208332
math_other,andrews_ch1_elementary@2123,173.73410034179688,0.010608074255287647,-0.3872452974319458,0.7374104857444763,5.651915400283072,5.773732565890791,5.74450333662525,5.022877854628117
math_other,andrews_ch1_elementary@341,174.16993713378906,0.012532402761280537,-0.40850329399108887,0.8437680602073669,9.135403265443163,9.80243799603517,10.808414640357576,11.747453572079657
math_other,andrews_ch1_elementary@24186,209.85755920410156,0.009147418662905693,-0.40577954053878784,0.8575168251991272,7.656447756149198,11.17082274003341,9.869191619046678,9.064979076415426
math_other,andrews_ch1_elementary@17647,182.3553924560547,0.010633345693349838,-0.4612109661102295,0.8788201212882996,11.84267503177124,11.65780082424491,9.963501019270637,9.054802250800254
math_other,andrews_ch1_elementary@20695,195.8445281982422,0.007817705161869526,-0.4035088121891022,0.8584112524986267,31.43393663078664,12.669933713882072,10.581867156419356,9.665503616503834
math_other,andrews_ch13_combinatorics@25017,219.13815307617188,0.009379096329212189,-0.4491196274757385,0.8305829763412476,12.096460242848057,8.954287007252903,8.799273732577541,7.0134544069659785
math_other,andrews_ch1_elementary@23943,216.6312255859375,0.0063751754350960255,-0.4296441674232483,0.8134580254554749,35.403697001363184,9.999350150966833,9.742004679168787,8.813282371533656
math_other,andrews_ch13_combinatorics@17621,160.06732177734375,0.012001077644526958,-0.3696202039718628,0.9614374041557312,9.924751631296433,8.487559283503465,8.92122992922376,7.92957416038443
math_other,andrews_ch1_elementary@22176,212.77645874023438,0.009814396500587463,-0.4321449398994446,0.8138816952705383,13.682857196326134,9.777546443585429,10.515637646575463,10.670403931023232
math_other,andrews_ch13_combinatorics@23904,172.63278198242188,0.011890538036823273,-0.3823937475681305,0.9959850907325745,8.590098942964923,8.316488138072955,8.306616933443305,8.222336705486132
math_other,andrews_ch1_elementary@6566,155.7770233154297,0.012339850887656212,-0.39563748240470886,0.916328489780426,7.8070994963622145,6.241627775815548,5.905554979761737,7.558944112223767
math_other,andrews_ch13_combinatorics@25333,224.5465545654297,0.009743984788656235,-0.4291120767593384,0.839414119720459,12.817673067529821,11.064757535328901,9.51384305368226,11.36025446338372
math_other,andrews_ch1_elementary@2509,168.64306640625,0.012418587692081928,-0.3849499225616455,0.9676551818847656,26.951016985884348,8.014922533761995,6.982392509392673,8.738093517706595
math_other,andrews_ch13_combinatorics@27964,216.66397094726562,0.011148333549499512,-0.4404536485671997,0.8380493521690369,23.265852145881347,10.210287264046952,11.993620823670136,9.788460531149127
math_other,andrews_ch1_elementary@12546,186.10165405273438,0.011425822041928768,-0.5493128299713135,0.86484295129776,3.743837539708659,3.706916613454559,5.264440809580893,7.217441530207665
math_other,andrews_ch13_combinatorics@24666,196.26466369628906,0.00840822234749794,-0.41720274090766907,0.8529859185218811,12.003762860029912,11.377511097358743,13.635143420922047,9.483574003431114
math_other,andrews_ch1_elementary@6588,163.39781188964844,0.016601286828517914,-0.42598798871040344,0.9134564995765686,7.070309140708565,6.848773936454702,6.718989047949089,7.3057680101319455
math_other,andrews_ch13_combinatorics@24651,195.95654296875,0.009626448154449463,-0.41877037286758423,0.8495561480522156,17.932704229215002,10.681225340761875,8.90011231031963,12.038092147165196
math_other,andrews_ch13_combinatorics@23575,211.10055541992188,0.008524330332875252,-0.3814072608947754,0.8870617151260376,5.300457280425112,7.02414419023577,9.01814974641819,10.246833168629816
math_other,andrews_ch13_combinatorics@9357,156.506591796875,0.00989180151373148,-0.3641539514064789,0.917080283164978,8.945880116200128,12.062671607696632,8.660387239238851,9.419624746810136
math_other,andrews_ch13_combinatorics@27147,218.0389862060547,0.009508905932307243,-0.4639046788215637,0.8419570326805115,9.94147153099009,9.469916418019794,8.571356956870885,9.622223891576361
